Workbook

Sheet Master sheet - do not change
B1: password: tsunami
A3: No | B3: Full name | C3: First name | D3: Last name | E3: Nickname | F3: Gender | G3: Racing | H3: Category | I3: Weight
A4: 1 | B4: Campbell, Mary-Alice | C4: =RIGHT(B4,LEN(B4)-SEARCH(" ",B4)) -> Mary-Alice | D4: =LEFT(B4,LEN(B4)-LEN(C4)-2) -> Campbell | E4: Mary-Alice | F4: F | G4: y | I4: 70
A5: 2 | B5: Constantinou, Lianna | C5: =RIGHT(B5,LEN(B5)-SEARCH(" ",B5)) -> Lianna | D5: =LEFT(B5,LEN(B5)-LEN(C5)-2) -> Constantinou | E5: Lianna C | F5: F | G5: y | I5: 71
A6: 3 | B6: Agudelo, Bibiana | C6: =RIGHT(B6,LEN(B6)-SEARCH(" ",B6)) -> Bibiana | D6: =LEFT(B6,LEN(B6)-LEN(C6)-2) -> Agudelo | E6: Bibiana A | F6: F | G6: y | I6: 75
A7: 4 | B7: Davies, Amanda | C7: =RIGHT(B7,LEN(B7)-SEARCH(" ",B7)) -> Amanda | D7: =LEFT(B7,LEN(B7)-LEN(C7)-2) -> Davies | E7: Amanda D | F7: F | G7: y | I7: 70
A8: 5 | B8: Cheok, Alice | C8: =RIGHT(B8,LEN(B8)-SEARCH(" ",B8)) -> Alice | D8: =LEFT(B8,LEN(B8)-LEN(C8)-2) -> Cheok | E8: Alice C | F8: F | G8: y | I8: 58
A9: 6 | B9: Hu, Yanhua | C9: =RIGHT(B9,LEN(B9)-SEARCH(" ",B9)) -> Yanhua | D9: =LEFT(B9,LEN(B9)-LEN(C9)-2) -> Hu | E9: Amy | F9: F | G9: y | I9: 65
A10: 7 | B10: Finneran, Amanda | C10: =RIGHT(B10,LEN(B10)-SEARCH(" ",B10)) -> Amanda | D10: =LEFT(B10,LEN(B10)-LEN(C10)-2) -> Finneran | E10: Amanda F | F10: F | G10: y | I10: 75
A11: 8 | B11: Ford, Helen | C11: =RIGHT(B11,LEN(B11)-SEARCH(" ",B11)) -> Helen | D11: =LEFT(B11,LEN(B11)-LEN(C11)-2) -> Ford | E11: Helen F | F11: F | G11: y | I11: 55
A12: 9 | B12: Angus, Janet | C12: =RIGHT(B12,LEN(B12)-SEARCH(" ",B12)) -> Janet | D12: =LEFT(B12,LEN(B12)-LEN(C12)-2) -> Angus | E12: Janet A | F12: F | G12: y | I12: 74
A13: 10 | B13: Hasapis, Leah | C13: =RIGHT(B13,LEN(B13)-SEARCH(" ",B13)) -> Leah | D13: =LEFT(B13,LEN(B13)-LEN(C13)-2) -> Hasapis | E13: Leah H | F13: F | G13: y | I13: 73
A14: 11 | B14: Hirst, Deb | C14: =RIGHT(B14,LEN(B14)-SEARCH(" ",B14)) -> Deb | D14: =LEFT(B14,LEN(B14)-LEN(C14)-2) -> Hirst | E14: Deb H | F14: F | G14: y | I14: 64
A15: 12 | B15: Holt, Rachael | C15: =RIGHT(B15,LEN(B15)-SEARCH(" ",B15)) -> Rachael | D15: =LEFT(B15,LEN(B15)-LEN(C15)-2) -> Holt | E15: Rachael H | F15: F | G15: y | I15: 85
... A47: 44 | B47: Hemming, Michael | C47: =RIGHT(B47,LEN(B47)-SEARCH(" ",B47)) -> Michael | D47: =LEFT(B47,LEN(B47)-LEN(C47)-2) -> Hemming | E47: Michael H | F47: M | G47: y | I47: 82
A48: 45 | B48: Van Laeren, Richard | C48: Richard | D48: Van Laeren | E48: Richard V | F48: M | G48: n | I48: 90
A49: 46 | B49: Santos, Marc Ericson | C49: =RIGHT(B49,LEN(B49)-SEARCH(" ",B49)) -> Marc Ericson | D49: =LEFT(B49,LEN(B49)-LEN(C49)-2) -> Santos | E49: Marc | F49: M | G49: n | I49: 71
A50: 47 | B50: Lizarazo, Jaid | C50: =RIGHT(B50,LEN(B50)-SEARCH(" ",B50)) -> Jaid | D50: =LEFT(B50,LEN(B50)-LEN(C50)-2) -> Lizarazo | E50: Jaid | F50: M | G50: n | I50: 68
A51: 48 | B51: Roberts, Matthew | C51: =RIGHT(B51,LEN(B51)-SEARCH(" ",B51)) -> Matthew | D51: =LEFT(B51,LEN(B51)-LEN(C51)-2) -> Roberts | E51: Matthew R | F51: M | G51: n | I51: 5
A52: 49 | B52: Irik, Wendy | C52: =RIGHT(B52,LEN(B52)-SEARCH(" ",B52)) -> Wendy | D52: =LEFT(B52,LEN(B52)-LEN(C52)-2) -> Irik | E52: Wendy I | F52: F | G52: y | I52: 91
A53: 50 | B53: Turnell, Ruth | C53: =RIGHT(B53,LEN(B53)-SEARCH(" ",B53)) -> Ruth | D53: =LEFT(B53,LEN(B53)-LEN(C53)-2) -> Turnell | E53: Ruth T | F53: F | G53: n | I53: 5
A54: 51 | B54: Claro, Anne | C54: =RIGHT(B54,LEN(B54)-SEARCH(" ",B54)) -> Anne | D54: =LEFT(B54,LEN(B54)-LEN(C54)-2) -> Claro | E54: Anne C | F54: F | G54: n | I54: 5

Sheet START HERE
B3: No | C3: Drop your list of names here -> in format -> Valouch, Petr
B4: 1 | C4: Campbell, Mary-Alice
B5: 2 | C5: Davies, Amanda
B6: 3 | C6: Finneran, Amanda
B7: 4 | C7: Ford, Helen
B8: 5 | C8: Hallett, Victoria
B9: 6 | C9: Agudelo, Bibiana
B10: 7 | C10: Hirst, Deb
B11: 8 | C11: Hu, Yanhua
B12: 9 | C12: Kemp, Jocelyn
B13: 10 | C13: Murphy, Alison
B14: 11 | C14: Angus, Janet
B15: 12 | C15: Rennie, Sarah-Jane
... B39: 36 | C39: Moro, Andrea
B40: 37
B41: 38
B42: 39
B43: 40
B44: 41
B45: 42
B46: 43
B47: 44
B48: 45
B49: 46
B50: 47
B51: 48
... B55: 52

Sheet Allocation
F1: Only enter your required allocations here
A2: No | B2: CrewList | C2: Nickname | D2: Weight | E2: Gender | F2: Prem Mix | G2: Master Mix | H2: Prem Open | I2: Prem Women
A3: 1 | B3: =IF(VLOOKUP(A3,'START HERE'!$B$4:$C$55,2)=0,"",VLOOKUP(A3,'START HERE'!$B$4:$C$55,2)) -> Campbell, Mary-Alice | C3: =IF(B3="","",VLOOKUP(B3,'Master sheet - do not change'!$B$3:$I$51,4,)) -> Mary-Alice | D3: =IF(C3="","",VLOOKUP(B3,'Master sheet - do not change'!$B$3:$I$51,8,)) -> 70 | E3: =IF(B3="","",VLOOKUP(B3,'Master sheet - do not change'!$B$3:$I$51,5,)) -> F | H3: 3 | I3: 2
A4: 2 | B4: =IF(VLOOKUP(A4,'START HERE'!$B$4:$C$55,2)=0,"",VLOOKUP(A4,'START HERE'!$B$4:$C$55,2)) -> Davies, Amanda | C4: =IF(B4="","",VLOOKUP(B4,'Master sheet - do not change'!$B$3:$I$51,4,)) -> Amanda D | D4: =IF(C4="","",VLOOKUP(B4,'Master sheet - do not change'!$B$3:$I$51,8,)) -> 70 | E4: =IF(B4="","",VLOOKUP(B4,'Master sheet - do not change'!$B$3:$I$51,5,)) -> F | F4: 3 | H4: 0 | I4: 3
A5: 3 | B5: =IF(VLOOKUP(A5,'START HERE'!$B$4:$C$55,2)=0,"",VLOOKUP(A5,'START HERE'!$B$4:$C$55,2)) -> Finneran, Amanda | C5: =IF(B5="","",VLOOKUP(B5,'Master sheet - do not change'!$B$3:$I$51,4,)) -> Amanda F | D5: =IF(C5="","",VLOOKUP(B5,'Master sheet - do not change'!$B$3:$I$51,8,)) -> 75 | E5: =IF(B5="","",VLOOKUP(B5,'Master sheet - do not change'!$B$3:$I$51,5,)) -> F | H5: 3 | I5: 3
A6: 4 | B6: =IF(VLOOKUP(A6,'START HERE'!$B$4:$C$55,2)=0,"",VLOOKUP(A6,'START HERE'!$B$4:$C$55,2)) -> Ford, Helen | C6: =IF(B6="","",VLOOKUP(B6,'Master sheet - do not change'!$B$3:$I$51,4,)) -> Helen F | D6: =IF(C6="","",VLOOKUP(B6,'Master sheet - do not change'!$B$3:$I$51,8,)) -> 55 | E6: =IF(B6="","",VLOOKUP(B6,'Master sheet - do not change'!$B$3:$I$51,5,)) -> F | F6: Drum | I6: 3
A7: 5 | B7: =IF(VLOOKUP(A7,'START HERE'!$B$4:$C$55,2)=0,"",VLOOKUP(A7,'START HERE'!$B$4:$C$55,2)) -> Hallett, Victoria | C7: =IF(B7="","",VLOOKUP(B7,'Master sheet - do not change'!$B$3:$I$51,4,)) -> Victoria H | D7: =IF(C7="","",VLOOKUP(B7,'Master sheet - do not change'!$B$3:$I$51,8,)) -> 58 | E7: =IF(B7="","",VLOOKUP(B7,'Master sheet - do not change'!$B$3:$I$51,5,)) -> F | F7: 3 | I7: 3
A8: 6 | B8: =IF(VLOOKUP(A8,'START HERE'!$B$4:$C$55,2)=0,"",VLOOKUP(A8,'START HERE'!$B$4:$C$55,2)) -> Agudelo, Bibiana | C8: =IF(B8="","",VLOOKUP(B8,'Master sheet - do not change'!$B$3:$I$51,4,)) -> Bibiana A | D8: =IF(C8="","",VLOOKUP(B8,'Master sheet - do not change'!$B$3:$I$51,8,)) -> 75 | E8: =IF(B8="","",VLOOKUP(B8,'Master sheet - do not change'!$B$3:$I$51,5,)) -> F | H8: 3 | I8: 3
A9: 7 | B9: =IF(VLOOKUP(A9,'START HERE'!$B$4:$C$55,2)=0,"",VLOOKUP(A9,'START HERE'!$B$4:$C$55,2)) -> Hirst, Deb | C9: =IF(B9="","",VLOOKUP(B9,'Master sheet - do not change'!$B$3:$I$51,4,)) -> Deb H | D9: =IF(C9="","",VLOOKUP(B9,'Master sheet - do not change'!$B$3:$I$51,8,)) -> 64 | E9: =IF(B9="","",VLOOKUP(B9,'Master sheet - do not change'!$B$3:$I$51,5,)) -> F | F9: 3 | H9: 0 | I9: 3
A10: 8 | B10: =IF(VLOOKUP(A10,'START HERE'!$B$4:$C$55,2)=0,"",VLOOKUP(A10,'START HERE'!$B$4:$C$55,2)) -> Hu, Yanhua | C10: =IF(B10="","",VLOOKUP(B10,'Master sheet - do not change'!$B$3:$I$51,4,)) -> Amy | D10: =IF(C10="","",VLOOKUP(B10,'Master sheet - do not change'!$B$3:$I$51,8,)) -> 65 | E10: =IF(B10="","",VLOOKUP(B10,'Master sheet - do not change'!$B$3:$I$51,5,)) -> F | H10: 3 | I10: 3
A11: 9 | B11: =IF(VLOOKUP(A11,'START HERE'!$B$4:$C$55,2)=0,"",VLOOKUP(A11,'START HERE'!$B$4:$C$55,2)) -> Kemp, Jocelyn | C11: =IF(B11="","",VLOOKUP(B11,'Master sheet - do not change'!$B$3:$I$51,4,)) -> Jocelyn K | D11: =IF(C11="","",VLOOKUP(B11,'Master sheet - do not change'!$B$3:$I$51,8,)) -> 58 | E11: =IF(B11="","",VLOOKUP(B11,'Master sheet - do not change'!$B$3:$I$51,5,)) -> F | F11: 3 | H11: 0 | I11: 3
A12: 10 | B12: =IF(VLOOKUP(A12,'START HERE'!$B$4:$C$55,2)=0,"",VLOOKUP(A12,'START HERE'!$B$4:$C$55,2)) -> Murphy, Alison | C12: =IF(B12="","",VLOOKUP(B12,'Master sheet - do not change'!$B$3:$I$51,4,)) -> Alison M | D12: =IF(C12="","",VLOOKUP(B12,'Master sheet - do not change'!$B$3:$I$51,8,)) -> 74 | E12: =IF(B12="","",VLOOKUP(B12,'Master sheet - do not change'!$B$3:$I$51,5,)) -> F | F12: 3 | I12: 3
A13: 11 | B13: =IF(VLOOKUP(A13,'START HERE'!$B$4:$C$55,2)=0,"",VLOOKUP(A13,'START HERE'!$B$4:$C$55,2)) -> Angus, Janet | C13: =IF(B13="","",VLOOKUP(B13,'Master sheet - do not change'!$B$3:$I$51,4,)) -> Janet A | D13: =IF(C13="","",VLOOKUP(B13,'Master sheet - do not change'!$B$3:$I$51,8,)) -> 74 | E13: =IF(B13="","",VLOOKUP(B13,'Master sheet - do not change'!$B$3:$I$51,5,)) -> F | F13: 2 | I13: 2
A14: 12 | B14: =IF(VLOOKUP(A14,'START HERE'!$B$4:$C$55,2)=0,"",VLOOKUP(A14,'START HERE'!$B$4:$C$55,2)) -> Rennie, Sarah-Jane | C14: =IF(B14="","",VLOOKUP(B14,'Master sheet - do not change'!$B$3:$I$51,4,)) -> S-J | D14: =IF(C14="","",VLOOKUP(B14,'Master sheet - do not change'!$B$3:$I$51,8,)) -> 62 | E14: =IF(B14="","",VLOOKUP(B14,'Master sheet - do not change'!$B$3:$I$51,5,)) -> F | F14: Sweep | H14: 0 | I14: Sweep
A15: 13 | B15: =IF(VLOOKUP(A15,'START HERE'!$B$4:$C$55,2)=0,"",VLOOKUP(A15,'START HERE'!$B$4:$C$55,2)) -> Tolhurst, Sue | C15: =IF(B15="","",VLOOKUP(B15,'Master sheet - do not change'!$B$3:$I$51,4,)) -> Sue T | D15: =IF(C15="","",VLOOKUP(B15,'Master sheet - do not change'!$B$3:$I$51,8,)) -> 63 | E15: =IF(B15="","",VLOOKUP(B15,'Master sheet - do not change'!$B$3:$I$51,5,)) -> F | H15: Drum | I15: 3
A16: 14 | B16: =IF(VLOOKUP(A16,'START HERE'!$B$4:$C$55,2)=0,"",VLOOKUP(A16,'START HERE'!$B$4:$C$55,2)) -> Bauzon, Ma Divina Angela | C16: =IF(B16="","",VLOOKUP(B16,'Master sheet - do not change'!$B$3:$I$51,4,)) -> Divina | D16: =IF(C16="","",VLOOKUP(B16,'Master sheet - do not change'!$B$3:$I$51,8,)) -> 54 | E16: =IF(B16="","",VLOOKUP(B16,'Master sheet - do not change'!$B$3:$I$51,5,)) -> F | F16: 2 | I16: 3
A17: 15 | B17: =IF(VLOOKUP(A17,'START HERE'!$B$4:$C$55,2)=0,"",VLOOKUP(A17,'START HERE'!$B$4:$C$55,2)) -> Cheok, Alice | C17: =IF(B17="","",VLOOKUP(B17,'Master sheet - do not change'!$B$3:$I$51,4,)) -> Alice C | D17: =IF(C17="","",VLOOKUP(B17,'Master sheet - do not change'!$B$3:$I$51,8,)) -> 58 | E17: =IF(B17="","",VLOOKUP(B17,'Master sheet - do not change'!$B$3:$I$51,5,)) -> F | F17: 2 | I17: 3
A18: 16 | B18: =IF(VLOOKUP(A18,'START HERE'!$B$4:$C$55,2)=0,"",VLOOKUP(A18,'START HERE'!$B$4:$C$55,2)) -> Chiu, Miu | C18: =IF(B18="","",VLOOKUP(B18,'Master sheet - do not change'!$B$3:$I$51,4,)) -> Miu | D18: =IF(C18="","",VLOOKUP(B18,'Master sheet - do not change'!$B$3:$I$51,8,)) -> 52 | E18: =IF(B18="","",VLOOKUP(B18,'Master sheet - do not change'!$B$3:$I$51,5,)) -> F | F18: 3 | I18: 3
A19: 17 | B19: =IF(VLOOKUP(A19,'START HERE'!$B$4:$C$55,2)=0,"",VLOOKUP(A19,'START HERE'!$B$4:$C$55,2)) -> Dobner, Anne-Marie | C19: =IF(B19="","",VLOOKUP(B19,'Master sheet - do not change'!$B$3:$I$51,4,)) -> Anne-Marie | D19: =IF(C19="","",VLOOKUP(B19,'Master sheet - do not change'!$B$3:$I$51,8,)) -> 67 | E19: =IF(B19="","",VLOOKUP(B19,'Master sheet - do not change'!$B$3:$I$51,5,)) -> F | H19: 3 | I19: 3
A20: 18 | B20: =IF(VLOOKUP(A20,'START HERE'!$B$4:$C$55,2)=0,"",VLOOKUP(A20,'START HERE'!$B$4:$C$55,2)) -> Hasapis, Leah | C20: =IF(B20="","",VLOOKUP(B20,'Master sheet - do not change'!$B$3:$I$51,4,)) -> Leah H | D20: =IF(C20="","",VLOOKUP(B20,'Master sheet - do not change'!$B$3:$I$51,8,)) -> 73 | E20: =IF(B20="","",VLOOKUP(B20,'Master sheet - do not change'!$B$3:$I$51,5,)) -> F | F20: 2 | I20: 3
A21: 19 | B21: =IF(VLOOKUP(A21,'START HERE'!$B$4:$C$55,2)=0,"",VLOOKUP(A21,'START HERE'!$B$4:$C$55,2)) -> Holt, Rachael | C21: =IF(B21="","",VLOOKUP(B21,'Master sheet - do not change'!$B$3:$I$51,4,)) -> Rachael H | D21: =IF(C21="","",VLOOKUP(B21,'Master sheet - do not change'!$B$3:$I$51,8,)) -> 85 | E21: =IF(B21="","",VLOOKUP(B21,'Master sheet - do not change'!$B$3:$I$51,5,)) -> F | H21: 3 | I21: 2
A22: 20 | B22: =IF(VLOOKUP(A22,'START HERE'!$B$4:$C$55,2)=0,"",VLOOKUP(A22,'START HERE'!$B$4:$C$55,2)) -> McKenna, Elizabeth | C22: =IF(B22="","",VLOOKUP(B22,'Master sheet - do not change'!$B$3:$I$51,4,)) -> Liz Mc | D22: =IF(C22="","",VLOOKUP(B22,'Master sheet - do not change'!$B$3:$I$51,8,)) -> 64 | E22: =IF(B22="","",VLOOKUP(B22,'Master sheet - do not change'!$B$3:$I$51,5,)) -> F | H22: 3 | I22: 3
A23: 21 | B23: =IF(VLOOKUP(A23,'START HERE'!$B$4:$C$55,2)=0,"",VLOOKUP(A23,'START HERE'!$B$4:$C$55,2)) -> Rai, Rohini | C23: =IF(B23="","",VLOOKUP(B23,'Master sheet - do not change'!$B$3:$I$51,4,)) -> Rohini | D23: =IF(C23="","",VLOOKUP(B23,'Master sheet - do not change'!$B$3:$I$51,8,)) -> 70 | E23: =IF(B23="","",VLOOKUP(B23,'Master sheet - do not change'!$B$3:$I$51,5,)) -> F | F23: 3 | I23: 3
A24: 22 | B24: =IF(VLOOKUP(A24,'START HERE'!$B$4:$C$55,2)=0,"",VLOOKUP(A24,'START HERE'!$B$4:$C$55,2)) -> Steel, Alice | C24: =IF(B24="","",VLOOKUP(B24,'Master sheet - do not change'!$B$3:$I$51,4,)) -> Alice S | D24: =IF(C24="","",VLOOKUP(B24,'Master sheet - do not change'!$B$3:$I$51,8,)) -> 47 | E24: =IF(B24="","",VLOOKUP(B24,'Master sheet - do not change'!$B$3:$I$51,5,)) -> F | H24: 3 | I24: Drum
A25: 23 | B25: =IF(VLOOKUP(A25,'START HERE'!$B$4:$C$55,2)=0,"",VLOOKUP(A25,'START HERE'!$B$4:$C$55,2)) -> Constantinou, Lianna | C25: =IF(B25="","",VLOOKUP(B25,'Master sheet - do not change'!$B$3:$I$51,4,)) -> Lianna C | D25: =IF(C25="","",VLOOKUP(B25,'Master sheet - do not change'!$B$3:$I$51,8,)) -> 71 | E25: =IF(B25="","",VLOOKUP(B25,'Master sheet - do not change'!$B$3:$I$51,5,)) -> F | F25: 3 | I25: 3
A26: 24 | B26: =IF(VLOOKUP(A26,'START HERE'!$B$4:$C$55,2)=0,"",VLOOKUP(A26,'START HERE'!$B$4:$C$55,2)) -> Hemming, Michael | C26: =IF(B26="","",VLOOKUP(B26,'Master sheet - do not change'!$B$3:$I$51,4,)) -> Michael H | D26: =IF(C26="","",VLOOKUP(B26,'Master sheet - do not change'!$B$3:$I$51,8,)) -> 82 | E26: =IF(B26="","",VLOOKUP(B26,'Master sheet - do not change'!$B$3:$I$51,5,)) -> M | F26: 2 | H26: 3
A27: 25 | B27: =IF(VLOOKUP(A27,'START HERE'!$B$4:$C$55,2)=0,"",VLOOKUP(A27,'START HERE'!$B$4:$C$55,2)) -> Boerma, Andrew | C27: =IF(B27="","",VLOOKUP(B27,'Master sheet - do not change'!$B$3:$I$51,4,)) -> Andrew B | D27: =IF(C27="","",VLOOKUP(B27,'Master sheet - do not change'!$B$3:$I$51,8,)) -> 75 | E27: =IF(B27="","",VLOOKUP(B27,'Master sheet - do not change'!$B$3:$I$51,5,)) -> M | F27: 3 | H27: 3
A28: 26 | B28: =IF(VLOOKUP(A28,'START HERE'!$B$4:$C$55,2)=0,"",VLOOKUP(A28,'START HERE'!$B$4:$C$55,2)) -> Escalona, Diego | C28: =IF(B28="","",VLOOKUP(B28,'Master sheet - do not change'!$B$3:$I$51,4,)) -> Diego E | D28: =IF(C28="","",VLOOKUP(B28,'Master sheet - do not change'!$B$3:$I$51,8,)) -> 84 | E28: =IF(B28="","",VLOOKUP(B28,'Master sheet - do not change'!$B$3:$I$51,5,)) -> M | F28: 3 | H28: 3
A29: 27 | B29: =IF(VLOOKUP(A29,'START HERE'!$B$4:$C$55,2)=0,"",VLOOKUP(A29,'START HERE'!$B$4:$C$55,2)) -> Freke, Simon | C29: =IF(B29="","",VLOOKUP(B29,'Master sheet - do not change'!$B$3:$I$51,4,)) -> Simon F | D29: =IF(C29="","",VLOOKUP(B29,'Master sheet - do not change'!$B$3:$I$51,8,)) -> 64 | E29: =IF(B29="","",VLOOKUP(B29,'Master sheet - do not change'!$B$3:$I$51,5,)) -> M | F29: 2 | H29: 3
A30: 28 | B30: =IF(VLOOKUP(A30,'START HERE'!$B$4:$C$55,2)=0,"",VLOOKUP(A30,'START HERE'!$B$4:$C$55,2)) -> Harris, Andrew | C30: =IF(B30="","",VLOOKUP(B30,'Master sheet - do not change'!$B$3:$I$51,4,)) -> Andrew H | D30: =IF(C30="","",VLOOKUP(B30,'Master sheet - do not change'!$B$3:$I$51,8,)) -> 77 | E30: =IF(B30="","",VLOOKUP(B30,'Master sheet - do not change'!$B$3:$I$51,5,)) -> M | F30: 2 | H30: 3
A31: 29 | B31: =IF(VLOOKUP(A31,'START HERE'!$B$4:$C$55,2)=0,"",VLOOKUP(A31,'START HERE'!$B$4:$C$55,2)) -> Haupt, Detlef | C31: =IF(B31="","",VLOOKUP(B31,'Master sheet - do not change'!$B$3:$I$51,4,)) -> Detlef H | D31: =IF(C31="","",VLOOKUP(B31,'Master sheet - do not change'!$B$3:$I$51,8,)) -> 90 | E31: =IF(B31="","",VLOOKUP(B31,'Master sheet - do not change'!$B$3:$I$51,5,)) -> M | F31: 2 | H31: 3
A32: 30 | B32: =IF(VLOOKUP(A32,'START HERE'!$B$4:$C$55,2)=0,"",VLOOKUP(A32,'START HERE'!$B$4:$C$55,2)) -> Jeffree, Paul | C32: =IF(B32="","",VLOOKUP(B32,'Master sheet - do not change'!$B$3:$I$51,4,)) -> Paul J | D32: =IF(C32="","",VLOOKUP(B32,'Master sheet - do not change'!$B$3:$I$51,8,)) -> 91 | E32: =IF(B32="","",VLOOKUP(B32,'Master sheet - do not change'!$B$3:$I$51,5,)) -> M | F32: 3 | H32: 3
A33: 31 | B33: =IF(VLOOKUP(A33,'START HERE'!$B$4:$C$55,2)=0,"",VLOOKUP(A33,'START HERE'!$B$4:$C$55,2)) -> Lizarazo, Jaid | C33: =IF(B33="","",VLOOKUP(B33,'Master sheet - do not change'!$B$3:$I$51,4,)) -> Jaid | D33: =IF(C33="","",VLOOKUP(B33,'Master sheet - do not change'!$B$3:$I$51,8,)) -> 68 | E33: =IF(B33="","",VLOOKUP(B33,'Master sheet - do not change'!$B$3:$I$51,5,)) -> M | F33: 3 | H33: 3
A34: 32 | B34: =IF(VLOOKUP(A34,'START HERE'!$B$4:$C$55,2)=0,"",VLOOKUP(A34,'START HERE'!$B$4:$C$55,2)) -> Ramrakha, Kiran | C34: =IF(B34="","",VLOOKUP(B34,'Master sheet - do not change'!$B$3:$I$51,4,)) -> Kiran R | D34: =IF(C34="","",VLOOKUP(B34,'Master sheet - do not change'!$B$3:$I$51,8,)) -> 95 | E34: =IF(B34="","",VLOOKUP(B34,'Master sheet - do not change'!$B$3:$I$51,5,)) -> M | F34: 2 | H34: 3
A35: 33 | B35: =IF(VLOOKUP(A35,'START HERE'!$B$4:$C$55,2)=0,"",VLOOKUP(A35,'START HERE'!$B$4:$C$55,2)) -> Santos, marc Ericson | C35: =IF(B35="","",VLOOKUP(B35,'Master sheet - do not change'!$B$3:$I$51,4,)) -> Marc | D35: =IF(C35="","",VLOOKUP(B35,'Master sheet - do not change'!$B$3:$I$51,8,)) -> 71 | E35: =IF(B35="","",VLOOKUP(B35,'Master sheet - do not change'!$B$3:$I$51,5,)) -> M | F35: 3 | H35: 3
A36: 34 | B36: =IF(VLOOKUP(A36,'START HERE'!$B$4:$C$55,2)=0,"",VLOOKUP(A36,'START HERE'!$B$4:$C$55,2)) -> Valouch, Petr | C36: =IF(B36="","",VLOOKUP(B36,'Master sheet - do not change'!$B$3:$I$51,4,)) -> Petr V | D36: =IF(C36="","",VLOOKUP(B36,'Master sheet - do not change'!$B$3:$I$51,8,)) -> 73 | E36: =IF(B36="","",VLOOKUP(B36,'Master sheet - do not change'!$B$3:$I$51,5,)) -> M | H36: Sweep
A37: 35 | B37: =IF(VLOOKUP(A37,'START HERE'!$B$4:$C$55,2)=0,"",VLOOKUP(A37,'START HERE'!$B$4:$C$55,2)) -> Van Laeren, Richard | C37: =IF(B37="","",VLOOKUP(B37,'Master sheet - do not change'!$B$3:$I$51,4,)) -> Richard V | D37: =IF(C37="","",VLOOKUP(B37,'Master sheet - do not change'!$B$3:$I$51,8,)) -> 90 | E37: =IF(B37="","",VLOOKUP(B37,'Master sheet - do not change'!$B$3:$I$51,5,)) -> M | F37: 2 | H37: 3
A38: 36 | B38: =IF(VLOOKUP(A38,'START HERE'!$B$4:$C$55,2)=0,"",VLOOKUP(A38,'START HERE'!$B$4:$C$55,2)) -> Moro, Andrea | C38: =IF(B38="","",VLOOKUP(B38,'Master sheet - do not change'!$B$3:$I$51,4,)) -> Andrea M | D38: =IF(C38="","",VLOOKUP(B38,'Master sheet - do not change'!$B$3:$I$51,8,)) -> 65 | E38: =IF(B38="","",VLOOKUP(B38,'Master sheet - do not change'!$B$3:$I$51,5,)) -> M | F38: 3 | H38: 3
A39: 37 | B39: =IF(VLOOKUP(A39,'START HERE'!$B$4:$C$55,2)=0,"",VLOOKUP(A39,'START HERE'!$B$4:$C$55,2)) | C39: =IF(B39="","",VLOOKUP(B39,'Master sheet - do not change'!$B$3:$I$51,4,)) | D39: =IF(C39="","",VLOOKUP(B39,'Master sheet - do not change'!$B$3:$I$51,8,)) | E39: =IF(B39="","",VLOOKUP(B39,'Master sheet - do not change'!$B$3:$I$51,5,))
A40: 38 | B40: =IF(VLOOKUP(A40,'START HERE'!$B$4:$C$55,2)=0,"",VLOOKUP(A40,'START HERE'!$B$4:$C$55,2)) | C40: =IF(B40="","",VLOOKUP(B40,'Master sheet - do not change'!$B$3:$I$51,4,)) | D40: =IF(C40="","",VLOOKUP(B40,'Master sheet - do not change'!$B$3:$I$51,8,)) | E40: =IF(B40="","",VLOOKUP(B40,'Master sheet - do not change'!$B$3:$I$51,5,))
A41: 39 | B41: =IF(VLOOKUP(A41,'START HERE'!$B$4:$C$55,2)=0,"",VLOOKUP(A41,'START HERE'!$B$4:$C$55,2)) | C41: =IF(B41="","",VLOOKUP(B41,'Master sheet - do not change'!$B$3:$I$51,4,)) | D41: =IF(C41="","",VLOOKUP(B41,'Master sheet - do not change'!$B$3:$I$51,8,)) | E41: =IF(B41="","",VLOOKUP(B41,'Master sheet - do not change'!$B$3:$I$51,5,))
A42: 40 | B42: =IF(VLOOKUP(A42,'START HERE'!$B$4:$C$55,2)=0,"",VLOOKUP(A42,'START HERE'!$B$4:$C$55,2)) | C42: =IF(B42="","",VLOOKUP(B42,'Master sheet - do not change'!$B$3:$I$51,4,)) | D42: =IF(C42="","",VLOOKUP(B42,'Master sheet - do not change'!$B$3:$I$51,8,)) | E42: =IF(B42="","",VLOOKUP(B42,'Master sheet - do not change'!$B$3:$I$51,5,))
A43: 41 | B43: =IF(VLOOKUP(A43,'START HERE'!$B$4:$C$55,2)=0,"",VLOOKUP(A43,'START HERE'!$B$4:$C$55,2)) | C43: =IF(B43="","",VLOOKUP(B43,'Master sheet - do not change'!$B$3:$I$51,4,)) | D43: =IF(C43="","",VLOOKUP(B43,'Master sheet - do not change'!$B$3:$I$51,8,)) | E43: =IF(B43="","",VLOOKUP(B43,'Master sheet - do not change'!$B$3:$I$51,5,))
A44: 42 | B44: =IF(VLOOKUP(A44,'START HERE'!$B$4:$C$55,2)=0,"",VLOOKUP(A44,'START HERE'!$B$4:$C$55,2)) | C44: =IF(B44="","",VLOOKUP(B44,'Master sheet - do not change'!$B$3:$I$51,4,)) | D44: =IF(C44="","",VLOOKUP(B44,'Master sheet - do not change'!$B$3:$I$51,8,)) | E44: =IF(B44="","",VLOOKUP(B44,'Master sheet - do not change'!$B$3:$I$51,5,))
A45: 43 | B45: =IF(VLOOKUP(A45,'START HERE'!$B$4:$C$55,2)=0,"",VLOOKUP(A45,'START HERE'!$B$4:$C$55,2)) | C45: =IF(B45="","",VLOOKUP(B45,'Master sheet - do not change'!$B$3:$I$51,4,)) | D45: =IF(C45="","",VLOOKUP(B45,'Master sheet - do not change'!$B$3:$I$51,8,)) | E45: =IF(B45="","",VLOOKUP(B45,'Master sheet - do not change'!$B$3:$I$51,5,))
A46: 44 | B46: =IF(VLOOKUP(A46,'START HERE'!$B$4:$C$55,2)=0,"",VLOOKUP(A46,'START HERE'!$B$4:$C$55,2)) | C46: =IF(B46="","",VLOOKUP(B46,'Master sheet - do not change'!$B$3:$I$51,4,)) | D46: =IF(C46="","",VLOOKUP(B46,'Master sheet - do not change'!$B$3:$I$51,8,)) | E46: =IF(B46="","",VLOOKUP(B46,'Master sheet - do not change'!$B$3:$I$51,5,))
A47: 45 | B47: =IF(VLOOKUP(A47,'START HERE'!$B$4:$C$55,2)=0,"",VLOOKUP(A47,'START HERE'!$B$4:$C$55,2)) | C47: =IF(B47="","",VLOOKUP(B47,'Master sheet - do not change'!$B$3:$I$51,4,)) | D47: =IF(C47="","",VLOOKUP(B47,'Master sheet - do not change'!$B$3:$I$51,8,)) | E47: =IF(B47="","",VLOOKUP(B47,'Master sheet - do not change'!$B$3:$I$51,5,))
A48: Total women athletes | F48: =COUNTIFS(E3:E47,"F",F3:F47,">0") -> 12 | G48: =COUNTIFS(E3:E47,"F",G3:G47,">0") -> 0 | H48: =COUNTIFS(E3:E47,"F",H3:H47,">0") -> 8 | I48: =COUNTIFS(E3:E47,"F",I3:I47,">0") -> 21
A49: Total men athletes | F49: =COUNTIFS(E3:E47,"M",F3:F47,">0") -> 12 | G49: =COUNTIFS(E3:E47,"M",G3:G47,">0") -> 0 | H49: =COUNTIFS(E3:E47,"M",H3:H47,">0") -> 12 | I49: =COUNTIFS(H3:H47,"M",I3:I47,">0") -> 0
A50: Drummers or sweeps | F50: =COUNTIF(F3:F47,"*") -> 2 | G50: =COUNTIF(G3:G47,"*") -> 0 | H50: =COUNTIF(H3:H47,"*") -> 2 | I50: =COUNTIF(I3:I47,"*") -> 2
A51: Total allocated races | F51: =SUM(F3:F47) -> 62 | G51: =SUM(G3:G47) -> 0 | H51: =SUM(H3:H47) -> 60 | I51: =SUM(I3:I47) -> 60
A52: Total crew athletes | F52: =COUNT(F3:F47)+F50 -> 26 | G52: =COUNT(G3:G47)+G50 -> 0 | H52: =COUNT(H3:H47)+H50 -> 26 | I52: =COUNT(I3:I47)+I50 -> 23

Sheet Prem Mix
G2: Enter names into the blue zones only - match the names from the "Name" column
A3: No | B3: Name | C3: Weight | D3: Prem Mix
A4: 1 | B4: =IF(Allocation!F3="","",VLOOKUP(A4,Allocation!$A$2:$I$47,3)) | C4: =IF(B4="","",VLOOKUP(A4,Allocation!$A$2:$I$47,4,)) | D4: =IF(B4="","",VLOOKUP(A4,Allocation!$A$2:$I$47,6,)) | F4: Heat 1
A5: 2 | B5: =IF(Allocation!F4="","",VLOOKUP(A5,Allocation!$A$2:$I$47,3)) -> Amanda D | C5: =IF(B5="","",VLOOKUP(A5,Allocation!$A$2:$I$47,4,)) -> 70 | D5: =IF(B5="","",VLOOKUP(A5,Allocation!$A$2:$I$47,6,)) -> 3 | G5: Helen F | H5: =IF(G5="","",VLOOKUP(G5,$B$4:$C$48,2,)) -> 55 | L5: Kg's | M5: Left | N5: Right | O5: Kg's | T5: =H5+14 -> 69 | U5: 6 | V5: =(U5)/6 -> 1 | W5: =V5*T5 -> 69
A6: 3 | B6: =IF(Allocation!F5="","",VLOOKUP(A6,Allocation!$A$2:$I$47,3)) | C6: =IF(B6="","",VLOOKUP(A6,Allocation!$A$2:$I$47,4,)) | D6: =IF(B6="","",VLOOKUP(A6,Allocation!$A$2:$I$47,6,)) | F6: =IF(G6="","",VLOOKUP(G6,$B$4:$C$48,2,)) -> 71 | G6: Lianna C | H6: Diego E | I6: =IF(H6="","",VLOOKUP(H6,$B$4:$C$48,2,)) -> 84 | K6: 1 | L6: =F6 -> 71 | M6: =G6 -> Lianna C | N6: =H6 -> Diego E | O6: =I6 -> 84 | P6: =O6-L6 -> 13 | Q6: 300 | R6: =Q6/350 -> 0.85714286 | S6: =P6*R6 -> 11.142857 | T6: =L6+O6 -> 155 | U6: 4.5 | V6: =(U6)/6 -> 0.75 | W6: =V6*T6 -> 116.25
A7: 4 | B7: =IF(Allocation!F6="","",VLOOKUP(A7,Allocation!$A$2:$I$47,3)) -> Helen F | C7: =IF(B7="","",VLOOKUP(A7,Allocation!$A$2:$I$47,4,)) -> 55 | D7: =IF(B7="","",VLOOKUP(A7,Allocation!$A$2:$I$47,6,)) -> Drum | F7: =IF(G7="","",VLOOKUP(G7,$B$4:$C$48,2,)) -> 64 | G7: Deb H | H7: Amanda D | I7: =IF(H7="","",VLOOKUP(H7,$B$4:$C$48,2,)) -> 70 | K7: 2 | L7: =F7 -> 64 | M7: =G7 -> Deb H | N7: =H7 -> Amanda D | O7: =I7 -> 70 | P7: =O7-L7 -> 6 | Q7: 330 | R7: =Q7/350 -> 0.94285714 | S7: =P7*R7 -> 5.6571429 | T7: =L7+O7 -> 134 | U7: 3.5 | V7: =(U7)/6 -> 0.58333333 | W7: =V7*T7 -> 78.166667
A8: 5 | B8: =IF(Allocation!F7="","",VLOOKUP(A8,Allocation!$A$2:$I$47,3)) -> Victoria H | C8: =IF(B8="","",VLOOKUP(A8,Allocation!$A$2:$I$47,4,)) -> 58 | D8: =IF(B8="","",VLOOKUP(A8,Allocation!$A$2:$I$47,6,)) -> 3 | F8: =IF(G8="","",VLOOKUP(G8,$B$4:$C$48,2,)) -> 65 | G8: Andrea M | H8: Victoria H | I8: =IF(H8="","",VLOOKUP(H8,$B$4:$C$48,2,)) -> 58 | K8: 3 | L8: =F8 -> 65 | M8: =G8 -> Andrea M | N8: =H8 -> Victoria H | O8: =I8 -> 58 | P8: =O8-L8 -> -7 | Q8: 350 | R8: =Q8/350 -> 1 | S8: =P8*R8 -> -7 | T8: =L8+O8 -> 123 | U8: 2.5 | V8: =(U8)/6 -> 0.41666667 | W8: =V8*T8 -> 51.25
A9: 6 | B9: =IF(Allocation!F8="","",VLOOKUP(A9,Allocation!$A$2:$I$47,3)) | C9: =IF(B9="","",VLOOKUP(A9,Allocation!$A$2:$I$47,4,)) | D9: =IF(B9="","",VLOOKUP(A9,Allocation!$A$2:$I$47,6,)) | F9: =IF(G9="","",VLOOKUP(G9,$B$4:$C$48,2,)) -> 75 | G9: Andrew B | H9: Paul J | I9: =IF(H9="","",VLOOKUP(H9,$B$4:$C$48,2,)) -> 91 | K9: 4 | L9: =F9 -> 75 | M9: =G9 -> Andrew B | N9: =H9 -> Paul J | O9: =I9 -> 91 | P9: =O9-L9 -> 16 | Q9: 350 | R9: =Q9/350 -> 1 | S9: =P9*R9 -> 16 | T9: =L9+O9 -> 166 | U9: 1.5 | V9: =(U9)/6 -> 0.25 | W9: =V9*T9 -> 41.5
A10: 7 | B10: =IF(Allocation!F9="","",VLOOKUP(A10,Allocation!$A$2:$I$47,3)) -> Deb H | C10: =IF(B10="","",VLOOKUP(A10,Allocation!$A$2:$I$47,4,)) -> 64 | D10: =IF(B10="","",VLOOKUP(A10,Allocation!$A$2:$I$47,6,)) -> 3 | F10: =IF(G10="","",VLOOKUP(G10,$B$4:$C$48,2,)) -> 74 | G10: Alison M | H10: Miu | I10: =IF(H10="","",VLOOKUP(H10,$B$4:$C$48,2,)) -> 52 | K10: 5 | L10: =F10 -> 74 | M10: =G10 -> Alison M | N10: =H10 -> Miu | O10: =I10 -> 52 | P10: =O10-L10 -> -22 | Q10: 350 | R10: =Q10/350 -> 1 | S10: =P10*R10 -> -22 | T10: =L10+O10 -> 126 | U10: 0.5 | V10: =(U10)/6 -> 0.083333333 | W10: =V10*T10 -> 10.5
A11: 8 | B11: =IF(Allocation!F10="","",VLOOKUP(A11,Allocation!$A$2:$I$47,3)) | C11: =IF(B11="","",VLOOKUP(A11,Allocation!$A$2:$I$47,4,)) | D11: =IF(B11="","",VLOOKUP(A11,Allocation!$A$2:$I$47,6,)) | F11: =IF(G11="","",VLOOKUP(G11,$B$4:$C$48,2,)) -> 73 | G11: Leah H | H11: Andrew H | I11: =IF(H11="","",VLOOKUP(H11,$B$4:$C$48,2,)) -> 77 | K11: 6 | L11: =F11 -> 73 | M11: =G11 -> Leah H | N11: =H11 -> Andrew H | O11: =I11 -> 77 | P11: =O11-L11 -> 4 | Q11: 350 | R11: =Q11/350 -> 1 | S11: =P11*R11 -> 4 | T11: =L11+O11 -> 150 | U11: -0.5 | V11: =(U11)/6 -> -0.083333333 | W11: =V11*T11 -> -12.5
A12: 9 | B12: =IF(Allocation!F11="","",VLOOKUP(A12,Allocation!$A$2:$I$47,3)) -> Jocelyn K | C12: =IF(B12="","",VLOOKUP(A12,Allocation!$A$2:$I$47,4,)) -> 58 | D12: =IF(B12="","",VLOOKUP(A12,Allocation!$A$2:$I$47,6,)) -> 3 | F12: =IF(G12="","",VLOOKUP(G12,$B$4:$C$48,2,)) -> 58 | G12: Jocelyn K | H12: Jaid | I12: =IF(H12="","",VLOOKUP(H12,$B$4:$C$48,2,)) -> 68 | K12: 7 | L12: =F12 -> 58 | M12: =G12 -> Jocelyn K | N12: =H12 -> Jaid | O12: =I12 -> 68 | P12: =O12-L12 -> 10 | Q12: 350 | R12: =Q12/350 -> 1 | S12: =P12*R12 -> 10 | T12: =L12+O12 -> 126 | U12: -1.5 | V12: =(U12)/6 -> -0.25 | W12: =V12*T12 -> -31.5
A13: 10 | B13: =IF(Allocation!F12="","",VLOOKUP(A13,Allocation!$A$2:$I$47,3)) -> Alison M | C13: =IF(B13="","",VLOOKUP(A13,Allocation!$A$2:$I$47,4,)) -> 74 | D13: =IF(B13="","",VLOOKUP(A13,Allocation!$A$2:$I$47,6,)) -> 3 | F13: =IF(G13="","",VLOOKUP(G13,$B$4:$C$48,2,)) -> 71 | G13: Marc | H13: Detlef H | I13: =IF(H13="","",VLOOKUP(H13,$B$4:$C$48,2,)) -> 90 | K13: 8 | L13: =F13 -> 71 | M13: =G13 -> Marc | N13: =H13 -> Detlef H | O13: =I13 -> 90 | P13: =O13-L13 -> 19 | Q13: 350 | R13: =Q13/350 -> 1 | S13: =P13*R13 -> 19 | T13: =L13+O13 -> 161 | U13: -2.5 | V13: =(U13)/6 -> -0.41666667 | W13: =V13*T13 -> -67.083333
A14: 11 | B14: =IF(Allocation!F13="","",VLOOKUP(A14,Allocation!$A$2:$I$47,3)) -> Janet A | C14: =IF(B14="","",VLOOKUP(A14,Allocation!$A$2:$I$47,4,)) -> 74 | D14: =IF(B14="","",VLOOKUP(A14,Allocation!$A$2:$I$47,6,)) -> 2 | F14: =IF(G14="","",VLOOKUP(G14,$B$4:$C$48,2,)) -> 90 | G14: Richard V | H14: Alice C | I14: =IF(H14="","",VLOOKUP(H14,$B$4:$C$48,2,)) -> 58 | K14: 9 | L14: =F14 -> 90 | M14: =G14 -> Richard V | N14: =H14 -> Alice C | O14: =I14 -> 58 | P14: =O14-L14 -> -32 | Q14: 330 | R14: =Q14/350 -> 0.94285714 | S14: =P14*R14 -> -30.171429 | T14: =L14+O14 -> 148 | U14: -3.5 | V14: =(U14)/6 -> -0.58333333 | W14: =V14*T14 -> -86.333333
A15: 12 | B15: =IF(Allocation!F14="","",VLOOKUP(A15,Allocation!$A$2:$I$47,3)) -> S-J | C15: =IF(B15="","",VLOOKUP(A15,Allocation!$A$2:$I$47,4,)) -> 62 | D15: =IF(B15="","",VLOOKUP(A15,Allocation!$A$2:$I$47,6,)) -> Sweep | F15: =IF(G15="","",VLOOKUP(G15,$B$4:$C$48,2,)) -> 64 | G15: Simon F | H15: Divina | I15: =IF(H15="","",VLOOKUP(H15,$B$4:$C$48,2,)) -> 54 | K15: 10 | L15: =F15 -> 64 | M15: =G15 -> Simon F | N15: =H15 -> Divina | O15: =I15 -> 54 | P15: =O15-L15 -> -10 | Q15: 300 | R15: =Q15/350 -> 0.85714286 | S15: =P15*R15 -> -8.5714286 | T15: =L15+O15 -> 118 | U15: -4.5 | V15: =(U15)/6 -> -0.75 | W15: =V15*T15 -> -88.5
A16: 13 | B16: =IF(Allocation!F15="","",VLOOKUP(A16,Allocation!$A$2:$I$47,3)) | C16: =IF(B16="","",VLOOKUP(A16,Allocation!$A$2:$I$47,4,)) | D16: =IF(B16="","",VLOOKUP(A16,Allocation!$A$2:$I$47,6,)) | G16: S-J | H16: =IF(G16="","",VLOOKUP(G16,$B$4:$C$48,2,)) -> 62 | L16: 3 | P16: =O16-L16 -> -3 | Q16: 420 | R16: =Q16/350 -> 1.2 | S16: =P16*R16 -> -3.6 | T16: =H16+7 -> 69 | U16: -6 | V16: =(U16)/6 -> -1 | W16: =V16*T16 -> -69
A17: 14 | B17: =IF(Allocation!F16="","",VLOOKUP(A17,Allocation!$A$2:$I$47,3)) -> Divina | C17: =IF(B17="","",VLOOKUP(A17,Allocation!$A$2:$I$47,4,)) -> 54 | D17: =IF(B17="","",VLOOKUP(A17,Allocation!$A$2:$I$47,6,)) -> 2 | L17: =SUM(L6:L16) -> 708 | O17: =SUM(O6:O16) -> 702 | S17: =SUM(S6:S16) -> -5.5428571 | W17: =SUM(W5:W16) -> 11.75
A18: 15 | B18: =IF(Allocation!F17="","",VLOOKUP(A18,Allocation!$A$2:$I$47,3)) -> Alice C | C18: =IF(B18="","",VLOOKUP(A18,Allocation!$A$2:$I$47,4,)) -> 58 | D18: =IF(B18="","",VLOOKUP(A18,Allocation!$A$2:$I$47,6,)) -> 2 | F18: Reserves: | L18: Res. | O18: 87 | S18: left-right | W18: back-front
A19: 16 | B19: =IF(Allocation!F18="","",VLOOKUP(A19,Allocation!$A$2:$I$47,3)) -> Miu | C19: =IF(B19="","",VLOOKUP(A19,Allocation!$A$2:$I$47,4,)) -> 52 | D19: =IF(B19="","",VLOOKUP(A19,Allocation!$A$2:$I$47,6,)) -> 3 | G19: Rohini | H19: =IF(G19="","",VLOOKUP(G19,$B$4:$C$48,2,)) -> 70 | L19: =H19 -> 70 | M19: =G19 -> Rohini | N19: Total Paddlers Weight | Q19: =SUM(O6:O15,L6:L15) -> 1407 | S19: balance | W19: balance
A20: 17 | B20: =IF(Allocation!F19="","",VLOOKUP(A20,Allocation!$A$2:$I$47,3)) | C20: =IF(B20="","",VLOOKUP(A20,Allocation!$A$2:$I$47,4,)) | D20: =IF(B20="","",VLOOKUP(A20,Allocation!$A$2:$I$47,6,)) | G20: Janet A | H20: =IF(G20="","",VLOOKUP(G20,$B$4:$C$48,2,)) -> 74 | L20: =H20 -> 74 | M20: =G20 -> Janet A | N20: Average Paddler Weight | Q20: =SUM(O6:O15,L6:L15)/20 -> 70.35 | S20: Aim for weight under 5 kg | W20: Aim for range of - 15 kg to -25 kg
A21: 18 | B21: =IF(Allocation!F20="","",VLOOKUP(A21,Allocation!$A$2:$I$47,3)) -> Leah H | C21: =IF(B21="","",VLOOKUP(A21,Allocation!$A$2:$I$47,4,)) -> 73 | D21: =IF(B21="","",VLOOKUP(A21,Allocation!$A$2:$I$47,6,)) -> 2 | G21: Michael H | H21: =IF(G21="","",VLOOKUP(G21,$B$4:$C$48,2,)) -> 82 | L21: =H21 -> 82 | M21: =G21 -> Michael H | N21: Total Load | Q21: =SUM(Q19,T16,T5,650) -> 2195
A22: 19 | B22: =IF(Allocation!F21="","",VLOOKUP(A22,Allocation!$A$2:$I$47,3)) | C22: =IF(B22="","",VLOOKUP(A22,Allocation!$A$2:$I$47,4,)) | D22: =IF(B22="","",VLOOKUP(A22,Allocation!$A$2:$I$47,6,)) | G22: Kiran R | H22: =IF(G22="","",VLOOKUP(G22,$B$4:$C$48,2,)) -> 95 | L22: =H22 -> 95 | M22: =G22 -> Kiran R | N22: Total Load per Paddler | Q22: =SUM(Q19,T16,T5,650)/20 -> 109.75
A23: 20 | B23: =IF(Allocation!F22="","",VLOOKUP(A23,Allocation!$A$2:$I$47,3)) | C23: =IF(B23="","",VLOOKUP(A23,Allocation!$A$2:$I$47,4,)) | D23: =IF(B23="","",VLOOKUP(A23,Allocation!$A$2:$I$47,6,))
A24: 21 | B24: =IF(Allocation!F23="","",VLOOKUP(A24,Allocation!$A$2:$I$47,3)) -> Rohini | C24: =IF(B24="","",VLOOKUP(A24,Allocation!$A$2:$I$47,4,)) -> 70 | D24: =IF(B24="","",VLOOKUP(A24,Allocation!$A$2:$I$47,6,)) -> 3
A25: 22 | B25: =IF(Allocation!F24="","",VLOOKUP(A25,Allocation!$A$2:$I$47,3)) | C25: =IF(B25="","",VLOOKUP(A25,Allocation!$A$2:$I$47,4,)) | D25: =IF(B25="","",VLOOKUP(A25,Allocation!$A$2:$I$47,6,)) | F25: Heat 2
A26: 23 | B26: =IF(Allocation!F25="","",VLOOKUP(A26,Allocation!$A$2:$I$47,3)) -> Lianna C | C26: =IF(B26="","",VLOOKUP(A26,Allocation!$A$2:$I$47,4,)) -> 71 | D26: =IF(B26="","",VLOOKUP(A26,Allocation!$A$2:$I$47,6,)) -> 3 | G26: Helen F | H26: =IF(G26="","",VLOOKUP(G26,$B$4:$C$48,2,)) -> 55 | L26: Kg's | M26: Left | N26: Right | O26: Kg's | T26: =H26+14 -> 69 | U26: 6 | V26: =(U26)/6 -> 1 | W26: =V26*T26 -> 69
A27: 24 | B27: =IF(Allocation!F26="","",VLOOKUP(A27,Allocation!$A$2:$I$47,3)) -> Michael H | C27: =IF(B27="","",VLOOKUP(A27,Allocation!$A$2:$I$47,4,)) -> 82 | D27: =IF(B27="","",VLOOKUP(A27,Allocation!$A$2:$I$47,6,)) -> 2 | F27: =IF(G27="","",VLOOKUP(G27,$B$4:$C$48,2,)) -> 84 | G27: Diego E | H27: Lianna C | I27: =IF(H27="","",VLOOKUP(H27,$B$4:$C$48,2,)) -> 71 | K27: 1 | L27: =F27 -> 84 | M27: =G27 -> Diego E | N27: =H27 -> Lianna C | O27: =I27 -> 71 | P27: =O27-L27 -> -13 | Q27: 300 | R27: =Q27/350 -> 0.85714286 | S27: =P27*R27 -> -11.142857 | T27: =L27+O27 -> 155 | U27: 4.5 | V27: =(U27)/6 -> 0.75 | W27: =V27*T27 -> 116.25
A28: 25 | B28: =IF(Allocation!F27="","",VLOOKUP(A28,Allocation!$A$2:$I$47,3)) -> Andrew B | C28: =IF(B28="","",VLOOKUP(A28,Allocation!$A$2:$I$47,4,)) -> 75 | D28: =IF(B28="","",VLOOKUP(A28,Allocation!$A$2:$I$47,6,)) -> 3 | F28: =IF(G28="","",VLOOKUP(G28,$B$4:$C$48,2,)) -> 64 | G28: Deb H | H28: Amanda D | I28: =IF(H28="","",VLOOKUP(H28,$B$4:$C$48,2,)) -> 70 | K28: 2 | L28: =F28 -> 64 | M28: =G28 -> Deb H | N28: =H28 -> Amanda D | O28: =I28 -> 70 | P28: =O28-L28 -> 6 | Q28: 330 | R28: =Q28/350 -> 0.94285714 | S28: =P28*R28 -> 5.6571429 | T28: =L28+O28 -> 134 | U28: 3.5 | V28: =(U28)/6 -> 0.58333333 | W28: =V28*T28 -> 78.166667
A29: 26 | B29: =IF(Allocation!F28="","",VLOOKUP(A29,Allocation!$A$2:$I$47,3)) -> Diego E | C29: =IF(B29="","",VLOOKUP(A29,Allocation!$A$2:$I$47,4,)) -> 84 | D29: =IF(B29="","",VLOOKUP(A29,Allocation!$A$2:$I$47,6,)) -> 3 | F29: =IF(G29="","",VLOOKUP(G29,$B$4:$C$48,2,)) -> 65 | G29: Andrea M | H29: Victoria H | I29: =IF(H29="","",VLOOKUP(H29,$B$4:$C$48,2,)) -> 58 | K29: 3 | L29: =F29 -> 65 | M29: =G29 -> Andrea M | N29: =H29 -> Victoria H | O29: =I29 -> 58 | P29: =O29-L29 -> -7 | Q29: 350 | R29: =Q29/350 -> 1 | S29: =P29*R29 -> -7 | T29: =L29+O29 -> 123 | U29: 2.5 | V29: =(U29)/6 -> 0.41666667 | W29: =V29*T29 -> 51.25
A30: 27 | B30: =IF(Allocation!F29="","",VLOOKUP(A30,Allocation!$A$2:$I$47,3)) -> Simon F | C30: =IF(B30="","",VLOOKUP(A30,Allocation!$A$2:$I$47,4,)) -> 64 | D30: =IF(B30="","",VLOOKUP(A30,Allocation!$A$2:$I$47,6,)) -> 2 | F30: =IF(G30="","",VLOOKUP(G30,$B$4:$C$48,2,)) -> 91 | G30: Paul J | H30: Andrew B | I30: =IF(H30="","",VLOOKUP(H30,$B$4:$C$48,2,)) -> 75 | K30: 4 | L30: =F30 -> 91 | M30: =G30 -> Paul J | N30: =H30 -> Andrew B | O30: =I30 -> 75 | P30: =O30-L30 -> -16 | Q30: 350 | R30: =Q30/350 -> 1 | S30: =P30*R30 -> -16 | T30: =L30+O30 -> 166 | U30: 1.5 | V30: =(U30)/6 -> 0.25 | W30: =V30*T30 -> 41.5
A31: 28 | B31: =IF(Allocation!F30="","",VLOOKUP(A31,Allocation!$A$2:$I$47,3)) -> Andrew H | C31: =IF(B31="","",VLOOKUP(A31,Allocation!$A$2:$I$47,4,)) -> 77 | D31: =IF(B31="","",VLOOKUP(A31,Allocation!$A$2:$I$47,6,)) -> 2 | F31: =IF(G31="","",VLOOKUP(G31,$B$4:$C$48,2,)) -> 74 | G31: Alison M | H31: Rohini | I31: =IF(H31="","",VLOOKUP(H31,$B$4:$C$48,2,)) -> 70 | K31: 5 | L31: =F31 -> 74 | M31: =G31 -> Alison M | N31: =H31 -> Rohini | O31: =I31 -> 70 | P31: =O31-L31 -> -4 | Q31: 350 | R31: =Q31/350 -> 1 | S31: =P31*R31 -> -4 | T31: =L31+O31 -> 144 | U31: 0.5 | V31: =(U31)/6 -> 0.083333333 | W31: =V31*T31 -> 12
A32: 29 | B32: =IF(Allocation!F31="","",VLOOKUP(A32,Allocation!$A$2:$I$47,3)) -> Detlef H | C32: =IF(B32="","",VLOOKUP(A32,Allocation!$A$2:$I$47,4,)) -> 90 | D32: =IF(B32="","",VLOOKUP(A32,Allocation!$A$2:$I$47,6,)) -> 2 | F32: =IF(G32="","",VLOOKUP(G32,$B$4:$C$48,2,)) -> 77 | G32: Andrew H | H32: Kiran R | I32: =IF(H32="","",VLOOKUP(H32,$B$4:$C$48,2,)) -> 95 | K32: 6 | L32: =F32 -> 77 | M32: =G32 -> Andrew H | N32: =H32 -> Kiran R | O32: =I32 -> 95 | P32: =O32-L32 -> 18 | Q32: 350 | R32: =Q32/350 -> 1 | S32: =P32*R32 -> 18 | T32: =L32+O32 -> 172 | U32: -0.5 | V32: =(U32)/6 -> -0.083333333 | W32: =V32*T32 -> -14.333333
A33: 30 | B33: =IF(Allocation!F32="","",VLOOKUP(A33,Allocation!$A$2:$I$47,3)) -> Paul J | C33: =IF(B33="","",VLOOKUP(A33,Allocation!$A$2:$I$47,4,)) -> 91 | D33: =IF(B33="","",VLOOKUP(A33,Allocation!$A$2:$I$47,6,)) -> 3 | F33: =IF(G33="","",VLOOKUP(G33,$B$4:$C$48,2,)) -> 52 | G33: Miu | H33: Jocelyn K | I33: =IF(H33="","",VLOOKUP(H33,$B$4:$C$48,2,)) -> 58 | K33: 7 | L33: =F33 -> 52 | M33: =G33 -> Miu | N33: =H33 -> Jocelyn K | O33: =I33 -> 58 | P33: =O33-L33 -> 6 | Q33: 350 | R33: =Q33/350 -> 1 | S33: =P33*R33 -> 6 | T33: =L33+O33 -> 110 | U33: -1.5 | V33: =(U33)/6 -> -0.25 | W33: =V33*T33 -> -27.5
A34: 31 | B34: =IF(Allocation!F33="","",VLOOKUP(A34,Allocation!$A$2:$I$47,3)) -> Jaid | C34: =IF(B34="","",VLOOKUP(A34,Allocation!$A$2:$I$47,4,)) -> 68 | D34: =IF(B34="","",VLOOKUP(A34,Allocation!$A$2:$I$47,6,)) -> 3 | F34: =IF(G34="","",VLOOKUP(G34,$B$4:$C$48,2,)) -> 58 | G34: Alice C | H34: Jaid | I34: =IF(H34="","",VLOOKUP(H34,$B$4:$C$48,2,)) -> 68 | K34: 8 | L34: =F34 -> 58 | M34: =G34 -> Alice C | N34: =H34 -> Jaid | O34: =I34 -> 68 | P34: =O34-L34 -> 10 | Q34: 350 | R34: =Q34/350 -> 1 | S34: =P34*R34 -> 10 | T34: =L34+O34 -> 126 | U34: -2.5 | V34: =(U34)/6 -> -0.41666667 | W34: =V34*T34 -> -52.5
A35: 32 | B35: =IF(Allocation!F34="","",VLOOKUP(A35,Allocation!$A$2:$I$47,3)) -> Kiran R | C35: =IF(B35="","",VLOOKUP(A35,Allocation!$A$2:$I$47,4,)) -> 95 | D35: =IF(B35="","",VLOOKUP(A35,Allocation!$A$2:$I$47,6,)) -> 2 | F35: =IF(G35="","",VLOOKUP(G35,$B$4:$C$48,2,)) -> 82 | G35: Michael H | H35: Richard V | I35: =IF(H35="","",VLOOKUP(H35,$B$4:$C$48,2,)) -> 90 | K35: 9 | L35: =F35 -> 82 | M35: =G35 -> Michael H | N35: =H35 -> Richard V | O35: =I35 -> 90 | P35: =O35-L35 -> 8 | Q35: 330 | R35: =Q35/350 -> 0.94285714 | S35: =P35*R35 -> 7.5428571 | T35: =L35+O35 -> 172 | U35: -3.5 | V35: =(U35)/6 -> -0.58333333 | W35: =V35*T35 -> -100.33333
A36: 33 | B36: =IF(Allocation!F35="","",VLOOKUP(A36,Allocation!$A$2:$I$47,3)) -> Marc | C36: =IF(B36="","",VLOOKUP(A36,Allocation!$A$2:$I$47,4,)) -> 71 | D36: =IF(B36="","",VLOOKUP(A36,Allocation!$A$2:$I$47,6,)) -> 3 | F36: =IF(G36="","",VLOOKUP(G36,$B$4:$C$48,2,)) -> 74 | G36: Janet A | H36: Marc | I36: =IF(H36="","",VLOOKUP(H36,$B$4:$C$48,2,)) -> 71 | K36: 10 | L36: =F36 -> 74 | M36: =G36 -> Janet A | N36: =H36 -> Marc | O36: =I36 -> 71 | P36: =O36-L36 -> -3 | Q36: 300 | R36: =Q36/350 -> 0.85714286 | S36: =P36*R36 -> -2.5714286 | T36: =L36+O36 -> 145 | U36: -4.5 | V36: =(U36)/6 -> -0.75 | W36: =V36*T36 -> -108.75
A37: 34 | B37: =IF(Allocation!F36="","",VLOOKUP(A37,Allocation!$A$2:$I$47,3)) | C37: =IF(B37="","",VLOOKUP(A37,Allocation!$A$2:$I$47,4,)) | D37: =IF(B37="","",VLOOKUP(A37,Allocation!$A$2:$I$47,6,)) | G37: S-J | H37: =IF(G37="","",VLOOKUP(G37,$B$4:$C$48,2,)) -> 62 | L37: 3 | P37: =O37-L37 -> -3 | Q37: 420 | R37: =Q37/350 -> 1.2 | S37: =P37*R37 -> -3.6 | T37: =H37+7 -> 69 | U37: -6 | V37: =(U37)/6 -> -1 | W37: =V37*T37 -> -69
A38: 35 | B38: =IF(Allocation!F37="","",VLOOKUP(A38,Allocation!$A$2:$I$47,3)) -> Richard V | C38: =IF(B38="","",VLOOKUP(A38,Allocation!$A$2:$I$47,4,)) -> 90 | D38: =IF(B38="","",VLOOKUP(A38,Allocation!$A$2:$I$47,6,)) -> 2 | L38: =SUM(L27:L37) -> 724 | O38: =SUM(O27:O37) -> 726 | S38: =SUM(S27:S37) -> 2.8857143 | W38: =SUM(W26:W37) -> -4.25
A39: 36 | B39: =IF(Allocation!F38="","",VLOOKUP(A39,Allocation!$A$2:$I$47,3)) -> Andrea M | C39: =IF(B39="","",VLOOKUP(A39,Allocation!$A$2:$I$47,4,)) -> 65 | D39: =IF(B39="","",VLOOKUP(A39,Allocation!$A$2:$I$47,6,)) -> 3 | F39: Reserves: | L39: Res. | O39: 87 | S39: left-right | W39: back-front
A40: 37 | B40: =IF(Allocation!F39="","",VLOOKUP(A40,Allocation!$A$2:$I$47,3)) | C40: =IF(B40="","",VLOOKUP(A40,Allocation!$A$2:$I$47,4,)) | D40: =IF(B40="","",VLOOKUP(A40,Allocation!$A$2:$I$47,6,)) | G40: Leah H | H40: =IF(G40="","",VLOOKUP(G40,$B$4:$C$48,2,)) -> 73 | L40: =H40 -> 73 | M40: =G40 -> Leah H | N40: Total Paddlers Weight | Q40: =SUM(O27:O36,L27:L36) -> 1447 | S40: balance | W40: balance
A41: 38 | B41: =IF(Allocation!F40="","",VLOOKUP(A41,Allocation!$A$2:$I$47,3)) | C41: =IF(B41="","",VLOOKUP(A41,Allocation!$A$2:$I$47,4,)) | D41: =IF(B41="","",VLOOKUP(A41,Allocation!$A$2:$I$47,6,)) | G41: Divina | H41: =IF(G41="","",VLOOKUP(G41,$B$4:$C$48,2,)) -> 54 | L41: =H41 -> 54 | M41: =G41 -> Divina | N41: Average Paddler Weight | Q41: =SUM(O27:O36,L27:L36)/20 -> 72.35 | S41: Aim for weight under 5 kg | W41: Aim for range of - 15 kg to -25 kg
A42: 39 | B42: =IF(Allocation!F41="","",VLOOKUP(A42,Allocation!$A$2:$I$47,3)) | C42: =IF(B42="","",VLOOKUP(A42,Allocation!$A$2:$I$47,4,)) | D42: =IF(B42="","",VLOOKUP(A42,Allocation!$A$2:$I$47,6,)) | G42: Detlef H | H42: =IF(G42="","",VLOOKUP(G42,$B$4:$C$48,2,)) -> 90 | L42: =H42 -> 90 | M42: =G42 -> Detlef H | N42: Total Load | Q42: =SUM(Q40,T37,T26,650) -> 2235
A43: 40 | B43: =IF(Allocation!F42="","",VLOOKUP(A43,Allocation!$A$2:$I$47,3)) | C43: =IF(B43="","",VLOOKUP(A43,Allocation!$A$2:$I$47,4,)) | D43: =IF(B43="","",VLOOKUP(A43,Allocation!$A$2:$I$47,6,)) | G43: Simon F | H43: =IF(G43="","",VLOOKUP(G43,$B$4:$C$48,2,)) -> 64 | L43: =H43 -> 64 | M43: =G43 -> Simon F | N43: Total Load per Paddler | Q43: =SUM(Q40,T37,T26,650)/20 -> 111.75
A44: 41 | B44: =IF(Allocation!F43="","",VLOOKUP(A44,Allocation!$A$2:$I$47,3)) | C44: =IF(B44="","",VLOOKUP(A44,Allocation!$A$2:$I$47,4,)) | D44: =IF(B44="","",VLOOKUP(A44,Allocation!$A$2:$I$47,6,))
A45: 42 | B45: =IF(Allocation!F44="","",VLOOKUP(A45,Allocation!$A$2:$I$47,3)) | C45: =IF(B45="","",VLOOKUP(A45,Allocation!$A$2:$I$47,4,)) | D45: =IF(B45="","",VLOOKUP(A45,Allocation!$A$2:$I$47,6,))
A46: 43 | B46: =IF(Allocation!F45="","",VLOOKUP(A46,Allocation!$A$2:$I$47,3)) | C46: =IF(B46="","",VLOOKUP(A46,Allocation!$A$2:$I$47,4,)) | D46: =IF(B46="","",VLOOKUP(A46,Allocation!$A$2:$I$47,6,)) | F46: Final
A47: 44 | B47: =IF(Allocation!F46="","",VLOOKUP(A47,Allocation!$A$2:$I$47,3)) | C47: =IF(B47="","",VLOOKUP(A47,Allocation!$A$2:$I$47,4,)) | D47: =IF(B47="","",VLOOKUP(A47,Allocation!$A$2:$I$47,6,)) | H47: =IF(G47="","",VLOOKUP(G47,$B$4:$C$48,2,)) | L47: Kg's | M47: Left | N47: Right | O47: Kg's | T47: =H47+14 -> #VALUE! | U47: 6 | V47: =(U47)/6 -> 1 | W47: =V47*T47 -> #VALUE!
A48: 45 | B48: =IF(Allocation!F47="","",VLOOKUP(A48,Allocation!$A$2:$I$47,3)) | C48: =IF(B48="","",VLOOKUP(A48,Allocation!$A$2:$I$47,4,)) | D48: =IF(B48="","",VLOOKUP(A48,Allocation!$A$2:$I$47,6,)) | F48: =IF(G48="","",VLOOKUP(G48,$B$4:$C$48,2,)) | I48: =IF(H48="","",VLOOKUP(H48,$B$4:$C$48,2,)) | K48: 1 | L48: =F48 | M48: =G48 -> 0 | N48: =H48 -> 0 | O48: =I48 | P48: =O48-L48 -> #VALUE! | Q48: 300 | R48: =Q48/350 -> 0.85714286 | S48: =P48*R48 -> #VALUE! | T48: =L48+O48 -> #VALUE! | U48: 4.5 | V48: =(U48)/6 -> 0.75 | W48: =V48*T48 -> #VALUE!
F49: =IF(G49="","",VLOOKUP(G49,$B$4:$C$48,2,)) | I49: =IF(H49="","",VLOOKUP(H49,$B$4:$C$48,2,)) | K49: 2 | L49: =F49 | M49: =G49 -> 0 | N49: =H49 -> 0 | O49: =I49 | P49: =O49-L49 -> #VALUE! | Q49: 330 | R49: =Q49/350 -> 0.94285714 | S49: =P49*R49 -> #VALUE! | T49: =L49+O49 -> #VALUE! | U49: 3.5 | V49: =(U49)/6 -> 0.58333333 | W49: =V49*T49 -> #VALUE!
F50: =IF(G50="","",VLOOKUP(G50,$B$4:$C$48,2,)) | I50: =IF(H50="","",VLOOKUP(H50,$B$4:$C$48,2,)) | K50: 3 | L50: =F50 | M50: =G50 -> 0 | N50: =H50 -> 0 | O50: =I50 | P50: =O50-L50 -> #VALUE! | Q50: 350 | R50: =Q50/350 -> 1 | S50: =P50*R50 -> #VALUE! | T50: =L50+O50 -> #VALUE! | U50: 2.5 | V50: =(U50)/6 -> 0.41666667 | W50: =V50*T50 -> #VALUE!
F51: =IF(G51="","",VLOOKUP(G51,$B$4:$C$48,2,)) | I51: =IF(H51="","",VLOOKUP(H51,$B$4:$C$48,2,)) | K51: 4 | L51: =F51 | M51: =G51 -> 0 | N51: =H51 -> 0 | O51: =I51 | P51: =O51-L51 -> #VALUE! | Q51: 350 | R51: =Q51/350 -> 1 | S51: =P51*R51 -> #VALUE! | T51: =L51+O51 -> #VALUE! | U51: 1.5 | V51: =(U51)/6 -> 0.25 | W51: =V51*T51 -> #VALUE!
F52: =IF(G52="","",VLOOKUP(G52,$B$4:$C$48,2,)) | I52: =IF(H52="","",VLOOKUP(H52,$B$4:$C$48,2,)) | K52: 5 | L52: =F52 | M52: =G52 -> 0 | N52: =H52 -> 0 | O52: =I52 | P52: =O52-L52 -> #VALUE! | Q52: 350 | R52: =Q52/350 -> 1 | S52: =P52*R52 -> #VALUE! | T52: =L52+O52 -> #VALUE! | U52: 0.5 | V52: =(U52)/6 -> 0.083333333 | W52: =V52*T52 -> #VALUE!
F53: =IF(G53="","",VLOOKUP(G53,$B$4:$C$48,2,)) | I53: =IF(H53="","",VLOOKUP(H53,$B$4:$C$48,2,)) | K53: 6 | L53: =F53 | M53: =G53 -> 0 | N53: =H53 -> 0 | O53: =I53 | P53: =O53-L53 -> #VALUE! | Q53: 350 | R53: =Q53/350 -> 1 | S53: =P53*R53 -> #VALUE! | T53: =L53+O53 -> #VALUE! | U53: -0.5 | V53: =(U53)/6 -> -0.083333333 | W53: =V53*T53 -> #VALUE!
F54: =IF(G54="","",VLOOKUP(G54,$B$4:$C$48,2,)) | I54: =IF(H54="","",VLOOKUP(H54,$B$4:$C$48,2,)) | K54: 7 | L54: =F54 | M54: =G54 -> 0 | N54: =H54 -> 0 | O54: =I54 | P54: =O54-L54 -> #VALUE! | Q54: 350 | R54: =Q54/350 -> 1 | S54: =P54*R54 -> #VALUE! | T54: =L54+O54 -> #VALUE! | U54: -1.5 | V54: =(U54)/6 -> -0.25 | W54: =V54*T54 -> #VALUE!
F55: =IF(G55="","",VLOOKUP(G55,$B$4:$C$48,2,)) | I55: =IF(H55="","",VLOOKUP(H55,$B$4:$C$48,2,)) | K55: 8 | L55: =F55 | M55: =G55 -> 0 | N55: =H55 -> 0 | O55: =I55 | P55: =O55-L55 -> #VALUE! | Q55: 350 | R55: =Q55/350 -> 1 | S55: =P55*R55 -> #VALUE! | T55: =L55+O55 -> #VALUE! | U55: -2.5 | V55: =(U55)/6 -> -0.41666667 | W55: =V55*T55 -> #VALUE!
F56: =IF(G56="","",VLOOKUP(G56,$B$4:$C$48,2,)) | I56: =IF(H56="","",VLOOKUP(H56,$B$4:$C$48,2,)) | K56: 9 | L56: =F56 | M56: =G56 -> 0 | N56: =H56 -> 0 | O56: =I56 | P56: =O56-L56 -> #VALUE! | Q56: 330 | R56: =Q56/350 -> 0.94285714 | S56: =P56*R56 -> #VALUE! | T56: =L56+O56 -> #VALUE! | U56: -3.5 | V56: =(U56)/6 -> -0.58333333 | W56: =V56*T56 -> #VALUE!
F57: =IF(G57="","",VLOOKUP(G57,$B$4:$C$48,2,)) | I57: =IF(H57="","",VLOOKUP(H57,$B$4:$C$48,2,)) | K57: 10 | L57: =F57 | M57: =G57 -> 0 | N57: =H57 -> 0 | O57: =I57 | P57: =O57-L57 -> #VALUE! | Q57: 300 | R57: =Q57/350 -> 0.85714286 | S57: =P57*R57 -> #VALUE! | T57: =L57+O57 -> #VALUE! | U57: -4.5 | V57: =(U57)/6 -> -0.75 | W57: =V57*T57 -> #VALUE!
H58: =IF(G58="","",VLOOKUP(G58,$B$4:$C$48,2,)) | L58: 3 | P58: =O58-L58 -> -3 | Q58: 420 | R58: =Q58/350 -> 1.2 | S58: =P58*R58 -> -3.6 | T58: =H58+7 -> #VALUE! | U58: -6 | V58: =(U58)/6 -> -1 | W58: =V58*T58 -> #VALUE!
L59: =SUM(L48:L58) -> 3 | O59: =SUM(O48:O58) -> 0 | S59: =SUM(S48:S58) -> #VALUE! | W59: =SUM(W47:W58) -> #VALUE!
F60: Reserves: | L60: Res. | O60: 87 | S60: left-right | W60: back-front
H61: =IF(G61="","",VLOOKUP(G61,$B$4:$C$29,2,)) | L61: =H61 | M61: =G61 -> 0 | N61: Total Paddlers Weight | Q61: =SUM(O48:O57,L48:L57) -> 0 | S61: balance | W61: balance
H62: =IF(G62="","",VLOOKUP(G62,$B$4:$C$29,2,)) | L62: =H62 | M62: =G62 -> 0 | N62: Average Paddler Weight | Q62: =SUM(O48:O57,L48:L57)/20 -> 0 | S62: Aim for weight under 5 kg | W62: Aim for range of - 15 kg to -25 kg
H63: =IF(G63="","",VLOOKUP(G63,$B$4:$C$29,2,)) | L63: =H63 | M63: =G63 -> 0 | N63: Total Load | Q63: =SUM(Q61,T58,T47,650) -> #VALUE!
H64: =IF(G64="","",VLOOKUP(G64,$B$4:$C$29,2,)) | L64: =H64 | M64: =G64 -> 0 | N64: Total Load per Paddler | Q64: =SUM(Q61,T58,T47,650)/20 -> #VALUE!

Sheet Master Mix
G2: Enter names into the blue zones only - match the names from the "Name" column
A3: No | B3: Name | C3: Weight | D3: Master Mix
A4: 1 | B4: =IF(Allocation!G3="","",VLOOKUP(A4,Allocation!$A$2:$I$47,3)) | C4: =IF(B4="","",VLOOKUP(A4,Allocation!$A$2:$I$47,4,)) | D4: =IF(B4="","",VLOOKUP(A4,Allocation!$A$2:$I$47,7,)) | F4: Heat 1
A5: 2 | B5: =IF(Allocation!G4="","",VLOOKUP(A5,Allocation!$A$2:$I$47,3)) | C5: =IF(B5="","",VLOOKUP(A5,Allocation!$A$2:$I$47,4,)) | D5: =IF(B5="","",VLOOKUP(A5,Allocation!$A$2:$I$47,7,)) | H5: =IF(G5="","",VLOOKUP(G5,$B$4:$C$48,2,)) | L5: Kg's | M5: Left | N5: Right | O5: Kg's | T5: =H5+14 -> #VALUE! | U5: 6 | V5: =(U5)/6 -> 1 | W5: =V5*T5 -> #VALUE!
A6: 3 | B6: =IF(Allocation!G5="","",VLOOKUP(A6,Allocation!$A$2:$I$47,3)) | C6: =IF(B6="","",VLOOKUP(A6,Allocation!$A$2:$I$47,4,)) | D6: =IF(B6="","",VLOOKUP(A6,Allocation!$A$2:$I$47,7,)) | F6: =IF(G6="","",VLOOKUP(G6,$B$4:$C$48,2,)) | I6: =IF(H6="","",VLOOKUP(H6,$B$4:$C$48,2,)) | K6: 1 | L6: =F6 | M6: =G6 -> 0 | N6: =H6 -> 0 | O6: =I6 | P6: =O6-L6 -> #VALUE! | Q6: 300 | R6: =Q6/350 -> 0.85714286 | S6: =P6*R6 -> #VALUE! | T6: =L6+O6 -> #VALUE! | U6: 4.5 | V6: =(U6)/6 -> 0.75 | W6: =V6*T6 -> #VALUE!
A7: 4 | B7: =IF(Allocation!G6="","",VLOOKUP(A7,Allocation!$A$2:$I$47,3)) | C7: =IF(B7="","",VLOOKUP(A7,Allocation!$A$2:$I$47,4,)) | D7: =IF(B7="","",VLOOKUP(A7,Allocation!$A$2:$I$47,7,)) | F7: =IF(G7="","",VLOOKUP(G7,$B$4:$C$48,2,)) | I7: =IF(H7="","",VLOOKUP(H7,$B$4:$C$29,2,)) | K7: 2 | L7: =F7 | M7: =G7 -> 0 | N7: =H7 -> 0 | O7: =I7 | P7: =O7-L7 -> #VALUE! | Q7: 330 | R7: =Q7/350 -> 0.94285714 | S7: =P7*R7 -> #VALUE! | T7: =L7+O7 -> #VALUE! | U7: 3.5 | V7: =(U7)/6 -> 0.58333333 | W7: =V7*T7 -> #VALUE!
A8: 5 | B8: =IF(Allocation!G7="","",VLOOKUP(A8,Allocation!$A$2:$I$47,3)) | C8: =IF(B8="","",VLOOKUP(A8,Allocation!$A$2:$I$47,4,)) | D8: =IF(B8="","",VLOOKUP(A8,Allocation!$A$2:$I$47,7,)) | F8: =IF(G8="","",VLOOKUP(G8,$B$4:$C$48,2,)) | I8: =IF(H8="","",VLOOKUP(H8,$B$4:$C$29,2,)) | K8: 3 | L8: =F8 | M8: =G8 -> 0 | N8: =H8 -> 0 | O8: =I8 | P8: =O8-L8 -> #VALUE! | Q8: 350 | R8: =Q8/350 -> 1 | S8: =P8*R8 -> #VALUE! | T8: =L8+O8 -> #VALUE! | U8: 2.5 | V8: =(U8)/6 -> 0.41666667 | W8: =V8*T8 -> #VALUE!
A9: 6 | B9: =IF(Allocation!G8="","",VLOOKUP(A9,Allocation!$A$2:$I$47,3)) | C9: =IF(B9="","",VLOOKUP(A9,Allocation!$A$2:$I$47,4,)) | D9: =IF(B9="","",VLOOKUP(A9,Allocation!$A$2:$I$47,7,)) | F9: =IF(G9="","",VLOOKUP(G9,$B$4:$C$48,2,)) | I9: =IF(H9="","",VLOOKUP(H9,$B$4:$C$29,2,)) | K9: 4 | L9: =F9 | M9: =G9 -> 0 | N9: =H9 -> 0 | O9: =I9 | P9: =O9-L9 -> #VALUE! | Q9: 350 | R9: =Q9/350 -> 1 | S9: =P9*R9 -> #VALUE! | T9: =L9+O9 -> #VALUE! | U9: 1.5 | V9: =(U9)/6 -> 0.25 | W9: =V9*T9 -> #VALUE!
A10: 7 | B10: =IF(Allocation!G9="","",VLOOKUP(A10,Allocation!$A$2:$I$47,3)) | C10: =IF(B10="","",VLOOKUP(A10,Allocation!$A$2:$I$47,4,)) | D10: =IF(B10="","",VLOOKUP(A10,Allocation!$A$2:$I$47,7,)) | F10: =IF(G10="","",VLOOKUP(G10,$B$4:$C$48,2,)) | I10: =IF(H10="","",VLOOKUP(H10,$B$4:$C$29,2,)) | K10: 5 | L10: =F10 | M10: =G10 -> 0 | N10: =H10 -> 0 | O10: =I10 | P10: =O10-L10 -> #VALUE! | Q10: 350 | R10: =Q10/350 -> 1 | S10: =P10*R10 -> #VALUE! | T10: =L10+O10 -> #VALUE! | U10: 0.5 | V10: =(U10)/6 -> 0.083333333 | W10: =V10*T10 -> #VALUE!
A11: 8 | B11: =IF(Allocation!G10="","",VLOOKUP(A11,Allocation!$A$2:$I$47,3)) | C11: =IF(B11="","",VLOOKUP(A11,Allocation!$A$2:$I$47,4,)) | D11: =IF(B11="","",VLOOKUP(A11,Allocation!$A$2:$I$47,7,)) | F11: =IF(G11="","",VLOOKUP(G11,$B$4:$C$48,2,)) | I11: =IF(H11="","",VLOOKUP(H11,$B$4:$C$29,2,)) | K11: 6 | L11: =F11 | M11: =G11 -> 0 | N11: =H11 -> 0 | O11: =I11 | P11: =O11-L11 -> #VALUE! | Q11: 350 | R11: =Q11/350 -> 1 | S11: =P11*R11 -> #VALUE! | T11: =L11+O11 -> #VALUE! | U11: -0.5 | V11: =(U11)/6 -> -0.083333333 | W11: =V11*T11 -> #VALUE!
A12: 9 | B12: =IF(Allocation!G11="","",VLOOKUP(A12,Allocation!$A$2:$I$47,3)) | C12: =IF(B12="","",VLOOKUP(A12,Allocation!$A$2:$I$47,4,)) | D12: =IF(B12="","",VLOOKUP(A12,Allocation!$A$2:$I$47,7,)) | F12: =IF(G12="","",VLOOKUP(G12,$B$4:$C$48,2,)) | I12: =IF(H12="","",VLOOKUP(H12,$B$4:$C$29,2,)) | K12: 7 | L12: =F12 | M12: =G12 -> 0 | N12: =H12 -> 0 | O12: =I12 | P12: =O12-L12 -> #VALUE! | Q12: 350 | R12: =Q12/350 -> 1 | S12: =P12*R12 -> #VALUE! | T12: =L12+O12 -> #VALUE! | U12: -1.5 | V12: =(U12)/6 -> -0.25 | W12: =V12*T12 -> #VALUE!
A13: 10 | B13: =IF(Allocation!G12="","",VLOOKUP(A13,Allocation!$A$2:$I$47,3)) | C13: =IF(B13="","",VLOOKUP(A13,Allocation!$A$2:$I$47,4,)) | D13: =IF(B13="","",VLOOKUP(A13,Allocation!$A$2:$I$47,7,)) | F13: =IF(G13="","",VLOOKUP(G13,$B$4:$C$48,2,)) | I13: =IF(H13="","",VLOOKUP(H13,$B$4:$C$29,2,)) | K13: 8 | L13: =F13 | M13: =G13 -> 0 | N13: =H13 -> 0 | O13: =I13 | P13: =O13-L13 -> #VALUE! | Q13: 350 | R13: =Q13/350 -> 1 | S13: =P13*R13 -> #VALUE! | T13: =L13+O13 -> #VALUE! | U13: -2.5 | V13: =(U13)/6 -> -0.41666667 | W13: =V13*T13 -> #VALUE!
A14: 11 | B14: =IF(Allocation!G13="","",VLOOKUP(A14,Allocation!$A$2:$I$47,3)) | C14: =IF(B14="","",VLOOKUP(A14,Allocation!$A$2:$I$47,4,)) | D14: =IF(B14="","",VLOOKUP(A14,Allocation!$A$2:$I$47,7,)) | F14: =IF(G14="","",VLOOKUP(G14,$B$4:$C$48,2,)) | I14: =IF(H14="","",VLOOKUP(H14,$B$4:$C$29,2,)) | K14: 9 | L14: =F14 | M14: =G14 -> 0 | N14: =H14 -> 0 | O14: =I14 | P14: =O14-L14 -> #VALUE! | Q14: 330 | R14: =Q14/350 -> 0.94285714 | S14: =P14*R14 -> #VALUE! | T14: =L14+O14 -> #VALUE! | U14: -3.5 | V14: =(U14)/6 -> -0.58333333 | W14: =V14*T14 -> #VALUE!
A15: 12 | B15: =IF(Allocation!G14="","",VLOOKUP(A15,Allocation!$A$2:$I$47,3)) | C15: =IF(B15="","",VLOOKUP(A15,Allocation!$A$2:$I$47,4,)) | D15: =IF(B15="","",VLOOKUP(A15,Allocation!$A$2:$I$47,7,)) | F15: =IF(G15="","",VLOOKUP(G15,$B$4:$C$48,2,)) | I15: =IF(H15="","",VLOOKUP(H15,$B$4:$C$29,2,)) | K15: 10 | L15: =F15 | M15: =G15 -> 0 | N15: =H15 -> 0 | O15: =I15 | P15: =O15-L15 -> #VALUE! | Q15: 300 | R15: =Q15/350 -> 0.85714286 | S15: =P15*R15 -> #VALUE! | T15: =L15+O15 -> #VALUE! | U15: -4.5 | V15: =(U15)/6 -> -0.75 | W15: =V15*T15 -> #VALUE!
A16: 13 | B16: =IF(Allocation!G15="","",VLOOKUP(A16,Allocation!$A$2:$I$47,3)) | C16: =IF(B16="","",VLOOKUP(A16,Allocation!$A$2:$I$47,4,)) | D16: =IF(B16="","",VLOOKUP(A16,Allocation!$A$2:$I$47,7,)) | H16: =IF(G16="","",VLOOKUP(G16,$B$4:$C$48,2,)) | L16: 3 | P16: =O16-L16 -> -3 | Q16: 420 | R16: =Q16/350 -> 1.2 | S16: =P16*R16 -> -3.6 | T16: =H16+7 -> #VALUE! | U16: -6 | V16: =(U16)/6 -> -1 | W16: =V16*T16 -> #VALUE!
A17: 14 | B17: =IF(Allocation!G16="","",VLOOKUP(A17,Allocation!$A$2:$I$47,3)) | C17: =IF(B17="","",VLOOKUP(A17,Allocation!$A$2:$I$47,4,)) | D17: =IF(B17="","",VLOOKUP(A17,Allocation!$A$2:$I$47,7,)) | L17: =SUM(L6:L16) -> 3 | O17: =SUM(O6:O16) -> 0 | S17: =SUM(S6:S16) -> #VALUE! | W17: =SUM(W5:W16) -> #VALUE!
A18: 15 | B18: =IF(Allocation!G17="","",VLOOKUP(A18,Allocation!$A$2:$I$47,3)) | C18: =IF(B18="","",VLOOKUP(A18,Allocation!$A$2:$I$47,4,)) | D18: =IF(B18="","",VLOOKUP(A18,Allocation!$A$2:$I$47,7,)) | F18: Reserves: | L18: Res. | O18: 87 | S18: left-right | W18: back-front
A19: 16 | B19: =IF(Allocation!G18="","",VLOOKUP(A19,Allocation!$A$2:$I$47,3)) | C19: =IF(B19="","",VLOOKUP(A19,Allocation!$A$2:$I$47,4,)) | D19: =IF(B19="","",VLOOKUP(A19,Allocation!$A$2:$I$47,7,)) | H19: =IF(G19="","",VLOOKUP(G19,$B$4:$C$29,2,)) | L19: =H19 | M19: =G19 -> 0 | N19: Total Paddlers Weight | Q19: =SUM(O6:O15,L6:L15) -> 0 | S19: balance | W19: balance
A20: 17 | B20: =IF(Allocation!G19="","",VLOOKUP(A20,Allocation!$A$2:$I$47,3)) | C20: =IF(B20="","",VLOOKUP(A20,Allocation!$A$2:$I$47,4,)) | D20: =IF(B20="","",VLOOKUP(A20,Allocation!$A$2:$I$47,7,)) | H20: =IF(G20="","",VLOOKUP(G20,$B$4:$C$29,2,)) | L20: =H20 | M20: =G20 -> 0 | N20: Average Paddler Weight | Q20: =SUM(O6:O15,L6:L15)/20 -> 0 | S20: Aim for weight under 5 kg | W20: Aim for range of - 15 kg to -25 kg
A21: 18 | B21: =IF(Allocation!G20="","",VLOOKUP(A21,Allocation!$A$2:$I$47,3)) | C21: =IF(B21="","",VLOOKUP(A21,Allocation!$A$2:$I$47,4,)) | D21: =IF(B21="","",VLOOKUP(A21,Allocation!$A$2:$I$47,7,)) | H21: =IF(G21="","",VLOOKUP(G21,$B$4:$C$29,2,)) | L21: =H21 | M21: =G21 -> 0 | N21: Total Load | Q21: =SUM(Q19,T16,T5,650) -> #VALUE!
A22: 19 | B22: =IF(Allocation!G21="","",VLOOKUP(A22,Allocation!$A$2:$I$47,3)) | C22: =IF(B22="","",VLOOKUP(A22,Allocation!$A$2:$I$47,4,)) | D22: =IF(B22="","",VLOOKUP(A22,Allocation!$A$2:$I$47,7,)) | H22: =IF(G22="","",VLOOKUP(G22,$B$4:$C$29,2,)) | L22: =H22 | M22: =G22 -> 0 | N22: Total Load per Paddler | Q22: =SUM(Q19,T16,T5,650)/20 -> #VALUE!
A23: 20 | B23: =IF(Allocation!G22="","",VLOOKUP(A23,Allocation!$A$2:$I$47,3)) | C23: =IF(B23="","",VLOOKUP(A23,Allocation!$A$2:$I$47,4,)) | D23: =IF(B23="","",VLOOKUP(A23,Allocation!$A$2:$I$47,7,))
A24: 21 | B24: =IF(Allocation!G23="","",VLOOKUP(A24,Allocation!$A$2:$I$47,3)) | C24: =IF(B24="","",VLOOKUP(A24,Allocation!$A$2:$I$47,4,)) | D24: =IF(B24="","",VLOOKUP(A24,Allocation!$A$2:$I$47,7,))
A25: 22 | B25: =IF(Allocation!G24="","",VLOOKUP(A25,Allocation!$A$2:$I$47,3)) | C25: =IF(B25="","",VLOOKUP(A25,Allocation!$A$2:$I$47,4,)) | D25: =IF(B25="","",VLOOKUP(A25,Allocation!$A$2:$I$47,7,)) | F25: Heat 2
A26: 23 | B26: =IF(Allocation!G25="","",VLOOKUP(A26,Allocation!$A$2:$I$47,3)) | C26: =IF(B26="","",VLOOKUP(A26,Allocation!$A$2:$I$47,4,)) | D26: =IF(B26="","",VLOOKUP(A26,Allocation!$A$2:$I$47,7,)) | H26: =IF(G26="","",VLOOKUP(G26,$B$4:$C$48,2,)) | L26: Kg's | M26: Left | N26: Right | O26: Kg's | T26: =H26+14 -> #VALUE! | U26: 6 | V26: =(U26)/6 -> 1 | W26: =V26*T26 -> #VALUE!
A27: 24 | B27: =IF(Allocation!G26="","",VLOOKUP(A27,Allocation!$A$2:$I$47,3)) | C27: =IF(B27="","",VLOOKUP(A27,Allocation!$A$2:$I$47,4,)) | D27: =IF(B27="","",VLOOKUP(A27,Allocation!$A$2:$I$47,7,)) | F27: =IF(G27="","",VLOOKUP(G27,$B$4:$C$48,2,)) | I27: =IF(H27="","",VLOOKUP(H27,$B$4:$C$48,2,)) | K27: 1 | L27: =F27 | M27: =G27 -> 0 | N27: =H27 -> 0 | O27: =I27 | P27: =O27-L27 -> #VALUE! | Q27: 300 | R27: =Q27/350 -> 0.85714286 | S27: =P27*R27 -> #VALUE! | T27: =L27+O27 -> #VALUE! | U27: 4.5 | V27: =(U27)/6 -> 0.75 | W27: =V27*T27 -> #VALUE!
A28: 25 | B28: =IF(Allocation!G27="","",VLOOKUP(A28,Allocation!$A$2:$I$47,3)) | C28: =IF(B28="","",VLOOKUP(A28,Allocation!$A$2:$I$47,4,)) | D28: =IF(B28="","",VLOOKUP(A28,Allocation!$A$2:$I$47,7,)) | F28: =IF(G28="","",VLOOKUP(G28,$B$4:$C$48,2,)) | I28: =IF(H28="","",VLOOKUP(H28,$B$4:$C$29,2,)) | K28: 2 | L28: =F28 | M28: =G28 -> 0 | N28: =H28 -> 0 | O28: =I28 | P28: =O28-L28 -> #VALUE! | Q28: 330 | R28: =Q28/350 -> 0.94285714 | S28: =P28*R28 -> #VALUE! | T28: =L28+O28 -> #VALUE! | U28: 3.5 | V28: =(U28)/6 -> 0.58333333 | W28: =V28*T28 -> #VALUE!
A29: 26 | B29: =IF(Allocation!G28="","",VLOOKUP(A29,Allocation!$A$2:$I$47,3)) | C29: =IF(B29="","",VLOOKUP(A29,Allocation!$A$2:$I$47,4,)) | D29: =IF(B29="","",VLOOKUP(A29,Allocation!$A$2:$I$47,7,)) | F29: =IF(G29="","",VLOOKUP(G29,$B$4:$C$48,2,)) | I29: =IF(H29="","",VLOOKUP(H29,$B$4:$C$29,2,)) | K29: 3 | L29: =F29 | M29: =G29 -> 0 | N29: =H29 -> 0 | O29: =I29 | P29: =O29-L29 -> #VALUE! | Q29: 350 | R29: =Q29/350 -> 1 | S29: =P29*R29 -> #VALUE! | T29: =L29+O29 -> #VALUE! | U29: 2.5 | V29: =(U29)/6 -> 0.41666667 | W29: =V29*T29 -> #VALUE!
A30: 27 | B30: =IF(Allocation!G29="","",VLOOKUP(A30,Allocation!$A$2:$I$47,3)) | C30: =IF(B30="","",VLOOKUP(A30,Allocation!$A$2:$I$47,4,)) | D30: =IF(B30="","",VLOOKUP(A30,Allocation!$A$2:$I$47,7,)) | F30: =IF(G30="","",VLOOKUP(G30,$B$4:$C$48,2,)) | I30: =IF(H30="","",VLOOKUP(H30,$B$4:$C$29,2,)) | K30: 4 | L30: =F30 | M30: =G30 -> 0 | N30: =H30 -> 0 | O30: =I30 | P30: =O30-L30 -> #VALUE! | Q30: 350 | R30: =Q30/350 -> 1 | S30: =P30*R30 -> #VALUE! | T30: =L30+O30 -> #VALUE! | U30: 1.5 | V30: =(U30)/6 -> 0.25 | W30: =V30*T30 -> #VALUE!
A31: 28 | B31: =IF(Allocation!G30="","",VLOOKUP(A31,Allocation!$A$2:$I$47,3)) | C31: =IF(B31="","",VLOOKUP(A31,Allocation!$A$2:$I$47,4,)) | D31: =IF(B31="","",VLOOKUP(A31,Allocation!$A$2:$I$47,7,)) | F31: =IF(G31="","",VLOOKUP(G31,$B$4:$C$48,2,)) | I31: =IF(H31="","",VLOOKUP(H31,$B$4:$C$29,2,)) | K31: 5 | L31: =F31 | M31: =G31 -> 0 | N31: =H31 -> 0 | O31: =I31 | P31: =O31-L31 -> #VALUE! | Q31: 350 | R31: =Q31/350 -> 1 | S31: =P31*R31 -> #VALUE! | T31: =L31+O31 -> #VALUE! | U31: 0.5 | V31: =(U31)/6 -> 0.083333333 | W31: =V31*T31 -> #VALUE!
A32: 29 | B32: =IF(Allocation!G31="","",VLOOKUP(A32,Allocation!$A$2:$I$47,3)) | C32: =IF(B32="","",VLOOKUP(A32,Allocation!$A$2:$I$47,4,)) | D32: =IF(B32="","",VLOOKUP(A32,Allocation!$A$2:$I$47,7,)) | F32: =IF(G32="","",VLOOKUP(G32,$B$4:$C$48,2,)) | I32: =IF(H32="","",VLOOKUP(H32,$B$4:$C$29,2,)) | K32: 6 | L32: =F32 | M32: =G32 -> 0 | N32: =H32 -> 0 | O32: =I32 | P32: =O32-L32 -> #VALUE! | Q32: 350 | R32: =Q32/350 -> 1 | S32: =P32*R32 -> #VALUE! | T32: =L32+O32 -> #VALUE! | U32: -0.5 | V32: =(U32)/6 -> -0.083333333 | W32: =V32*T32 -> #VALUE!
A33: 30 | B33: =IF(Allocation!G32="","",VLOOKUP(A33,Allocation!$A$2:$I$47,3)) | C33: =IF(B33="","",VLOOKUP(A33,Allocation!$A$2:$I$47,4,)) | D33: =IF(B33="","",VLOOKUP(A33,Allocation!$A$2:$I$47,7,)) | F33: =IF(G33="","",VLOOKUP(G33,$B$4:$C$48,2,)) | I33: =IF(H33="","",VLOOKUP(H33,$B$4:$C$29,2,)) | K33: 7 | L33: =F33 | M33: =G33 -> 0 | N33: =H33 -> 0 | O33: =I33 | P33: =O33-L33 -> #VALUE! | Q33: 350 | R33: =Q33/350 -> 1 | S33: =P33*R33 -> #VALUE! | T33: =L33+O33 -> #VALUE! | U33: -1.5 | V33: =(U33)/6 -> -0.25 | W33: =V33*T33 -> #VALUE!
A34: 31 | B34: =IF(Allocation!G33="","",VLOOKUP(A34,Allocation!$A$2:$I$47,3)) | C34: =IF(B34="","",VLOOKUP(A34,Allocation!$A$2:$I$47,4,)) | D34: =IF(B34="","",VLOOKUP(A34,Allocation!$A$2:$I$47,7,)) | F34: =IF(G34="","",VLOOKUP(G34,$B$4:$C$48,2,)) | I34: =IF(H34="","",VLOOKUP(H34,$B$4:$C$29,2,)) | K34: 8 | L34: =F34 | M34: =G34 -> 0 | N34: =H34 -> 0 | O34: =I34 | P34: =O34-L34 -> #VALUE! | Q34: 350 | R34: =Q34/350 -> 1 | S34: =P34*R34 -> #VALUE! | T34: =L34+O34 -> #VALUE! | U34: -2.5 | V34: =(U34)/6 -> -0.41666667 | W34: =V34*T34 -> #VALUE!
A35: 32 | B35: =IF(Allocation!G34="","",VLOOKUP(A35,Allocation!$A$2:$I$47,3)) | C35: =IF(B35="","",VLOOKUP(A35,Allocation!$A$2:$I$47,4,)) | D35: =IF(B35="","",VLOOKUP(A35,Allocation!$A$2:$I$47,7,)) | F35: =IF(G35="","",VLOOKUP(G35,$B$4:$C$48,2,)) | I35: =IF(H35="","",VLOOKUP(H35,$B$4:$C$29,2,)) | K35: 9 | L35: =F35 | M35: =G35 -> 0 | N35: =H35 -> 0 | O35: =I35 | P35: =O35-L35 -> #VALUE! | Q35: 330 | R35: =Q35/350 -> 0.94285714 | S35: =P35*R35 -> #VALUE! | T35: =L35+O35 -> #VALUE! | U35: -3.5 | V35: =(U35)/6 -> -0.58333333 | W35: =V35*T35 -> #VALUE!
A36: 33 | B36: =IF(Allocation!G35="","",VLOOKUP(A36,Allocation!$A$2:$I$47,3)) | C36: =IF(B36="","",VLOOKUP(A36,Allocation!$A$2:$I$47,4,)) | D36: =IF(B36="","",VLOOKUP(A36,Allocation!$A$2:$I$47,7,)) | F36: =IF(G36="","",VLOOKUP(G36,$B$4:$C$48,2,)) | I36: =IF(H36="","",VLOOKUP(H36,$B$4:$C$29,2,)) | K36: 10 | L36: =F36 | M36: =G36 -> 0 | N36: =H36 -> 0 | O36: =I36 | P36: =O36-L36 -> #VALUE! | Q36: 300 | R36: =Q36/350 -> 0.85714286 | S36: =P36*R36 -> #VALUE! | T36: =L36+O36 -> #VALUE! | U36: -4.5 | V36: =(U36)/6 -> -0.75 | W36: =V36*T36 -> #VALUE!
A37: 34 | B37: =IF(Allocation!G36="","",VLOOKUP(A37,Allocation!$A$2:$I$47,3)) | C37: =IF(B37="","",VLOOKUP(A37,Allocation!$A$2:$I$47,4,)) | D37: =IF(B37="","",VLOOKUP(A37,Allocation!$A$2:$I$47,7,)) | H37: =IF(G37="","",VLOOKUP(G37,$B$4:$C$48,2,)) | L37: 3 | P37: =O37-L37 -> -3 | Q37: 420 | R37: =Q37/350 -> 1.2 | S37: =P37*R37 -> -3.6 | T37: =H37+7 -> #VALUE! | U37: -6 | V37: =(U37)/6 -> -1 | W37: =V37*T37 -> #VALUE!
A38: 35 | B38: =IF(Allocation!G37="","",VLOOKUP(A38,Allocation!$A$2:$I$47,3)) | C38: =IF(B38="","",VLOOKUP(A38,Allocation!$A$2:$I$47,4,)) | D38: =IF(B38="","",VLOOKUP(A38,Allocation!$A$2:$I$47,7,)) | L38: =SUM(L27:L37) -> 3 | O38: =SUM(O27:O37) -> 0 | S38: =SUM(S27:S37) -> #VALUE! | W38: =SUM(W26:W37) -> #VALUE!
A39: 36 | B39: =IF(Allocation!G38="","",VLOOKUP(A39,Allocation!$A$2:$I$47,3)) | C39: =IF(B39="","",VLOOKUP(A39,Allocation!$A$2:$I$47,4,)) | D39: =IF(B39="","",VLOOKUP(A39,Allocation!$A$2:$I$47,7,)) | F39: Reserves: | L39: Res. | O39: 87 | S39: left-right | W39: back-front
A40: 37 | B40: =IF(Allocation!G39="","",VLOOKUP(A40,Allocation!$A$2:$I$47,3)) | C40: =IF(B40="","",VLOOKUP(A40,Allocation!$A$2:$I$47,4,)) | D40: =IF(B40="","",VLOOKUP(A40,Allocation!$A$2:$I$47,7,)) | H40: =IF(G40="","",VLOOKUP(G40,$B$4:$C$29,2,)) | L40: =H40 | M40: =G40 -> 0 | N40: Total Paddlers Weight | Q40: =SUM(O27:O36,L27:L36) -> 0 | S40: balance | W40: balance
A41: 38 | B41: =IF(Allocation!G40="","",VLOOKUP(A41,Allocation!$A$2:$I$47,3)) | C41: =IF(B41="","",VLOOKUP(A41,Allocation!$A$2:$I$47,4,)) | D41: =IF(B41="","",VLOOKUP(A41,Allocation!$A$2:$I$47,7,)) | H41: =IF(G41="","",VLOOKUP(G41,$B$4:$C$29,2,)) | L41: =H41 | M41: =G41 -> 0 | N41: Average Paddler Weight | Q41: =SUM(O27:O36,L27:L36)/20 -> 0 | S41: Aim for weight under 5 kg | W41: Aim for range of - 15 kg to -25 kg
A42: 39 | B42: =IF(Allocation!G41="","",VLOOKUP(A42,Allocation!$A$2:$I$47,3)) | C42: =IF(B42="","",VLOOKUP(A42,Allocation!$A$2:$I$47,4,)) | D42: =IF(B42="","",VLOOKUP(A42,Allocation!$A$2:$I$47,7,)) | H42: =IF(G42="","",VLOOKUP(G42,$B$4:$C$29,2,)) | L42: =H42 | M42: =G42 -> 0 | N42: Total Load | Q42: =SUM(Q40,T37,T26,650) -> #VALUE!
A43: 40 | B43: =IF(Allocation!G42="","",VLOOKUP(A43,Allocation!$A$2:$I$47,3)) | C43: =IF(B43="","",VLOOKUP(A43,Allocation!$A$2:$I$47,4,)) | D43: =IF(B43="","",VLOOKUP(A43,Allocation!$A$2:$I$47,7,)) | H43: =IF(G43="","",VLOOKUP(G43,$B$4:$C$29,2,)) | L43: =H43 | M43: =G43 -> 0 | N43: Total Load per Paddler | Q43: =SUM(Q40,T37,T26,650)/20 -> #VALUE!
A44: 41 | B44: =IF(Allocation!G43="","",VLOOKUP(A44,Allocation!$A$2:$I$47,3)) | C44: =IF(B44="","",VLOOKUP(A44,Allocation!$A$2:$I$47,4,)) | D44: =IF(B44="","",VLOOKUP(A44,Allocation!$A$2:$I$47,7,))
A45: 42 | B45: =IF(Allocation!G44="","",VLOOKUP(A45,Allocation!$A$2:$I$47,3)) | C45: =IF(B45="","",VLOOKUP(A45,Allocation!$A$2:$I$47,4,)) | D45: =IF(B45="","",VLOOKUP(A45,Allocation!$A$2:$I$47,7,))
A46: 43 | B46: =IF(Allocation!G45="","",VLOOKUP(A46,Allocation!$A$2:$I$47,3)) | C46: =IF(B46="","",VLOOKUP(A46,Allocation!$A$2:$I$47,4,)) | D46: =IF(B46="","",VLOOKUP(A46,Allocation!$A$2:$I$47,7,)) | F46: Final
A47: 44 | B47: =IF(Allocation!G46="","",VLOOKUP(A47,Allocation!$A$2:$I$47,3)) | C47: =IF(B47="","",VLOOKUP(A47,Allocation!$A$2:$I$47,4,)) | D47: =IF(B47="","",VLOOKUP(A47,Allocation!$A$2:$I$47,7,)) | H47: =IF(G47="","",VLOOKUP(G47,$B$4:$C$48,2,)) | L47: Kg's | M47: Left | N47: Right | O47: Kg's | T47: =H47+14 -> #VALUE! | U47: 6 | V47: =(U47)/6 -> 1 | W47: =V47*T47 -> #VALUE!
A48: 45 | B48: =IF(Allocation!G47="","",VLOOKUP(A48,Allocation!$A$2:$I$47,3)) | C48: =IF(B48="","",VLOOKUP(A48,Allocation!$A$2:$I$47,4,)) | D48: =IF(B48="","",VLOOKUP(A48,Allocation!$A$2:$I$47,7,)) | F48: =IF(G48="","",VLOOKUP(G48,$B$4:$C$48,2,)) | I48: =IF(H48="","",VLOOKUP(H48,$B$4:$C$48,2,)) | K48: 1 | L48: =F48 | M48: =G48 -> 0 | N48: =H48 -> 0 | O48: =I48 | P48: =O48-L48 -> #VALUE! | Q48: 300 | R48: =Q48/350 -> 0.85714286 | S48: =P48*R48 -> #VALUE! | T48: =L48+O48 -> #VALUE! | U48: 4.5 | V48: =(U48)/6 -> 0.75 | W48: =V48*T48 -> #VALUE!
F49: =IF(G49="","",VLOOKUP(G49,$B$4:$C$48,2,)) | I49: =IF(H49="","",VLOOKUP(H49,$B$4:$C$29,2,)) | K49: 2 | L49: =F49 | M49: =G49 -> 0 | N49: =H49 -> 0 | O49: =I49 | P49: =O49-L49 -> #VALUE! | Q49: 330 | R49: =Q49/350 -> 0.94285714 | S49: =P49*R49 -> #VALUE! | T49: =L49+O49 -> #VALUE! | U49: 3.5 | V49: =(U49)/6 -> 0.58333333 | W49: =V49*T49 -> #VALUE!
F50: =IF(G50="","",VLOOKUP(G50,$B$4:$C$48,2,)) | I50: =IF(H50="","",VLOOKUP(H50,$B$4:$C$29,2,)) | K50: 3 | L50: =F50 | M50: =G50 -> 0 | N50: =H50 -> 0 | O50: =I50 | P50: =O50-L50 -> #VALUE! | Q50: 350 | R50: =Q50/350 -> 1 | S50: =P50*R50 -> #VALUE! | T50: =L50+O50 -> #VALUE! | U50: 2.5 | V50: =(U50)/6 -> 0.41666667 | W50: =V50*T50 -> #VALUE!
F51: =IF(G51="","",VLOOKUP(G51,$B$4:$C$48,2,)) | I51: =IF(H51="","",VLOOKUP(H51,$B$4:$C$29,2,)) | K51: 4 | L51: =F51 | M51: =G51 -> 0 | N51: =H51 -> 0 | O51: =I51 | P51: =O51-L51 -> #VALUE! | Q51: 350 | R51: =Q51/350 -> 1 | S51: =P51*R51 -> #VALUE! | T51: =L51+O51 -> #VALUE! | U51: 1.5 | V51: =(U51)/6 -> 0.25 | W51: =V51*T51 -> #VALUE!
F52: =IF(G52="","",VLOOKUP(G52,$B$4:$C$48,2,)) | I52: =IF(H52="","",VLOOKUP(H52,$B$4:$C$29,2,)) | K52: 5 | L52: =F52 | M52: =G52 -> 0 | N52: =H52 -> 0 | O52: =I52 | P52: =O52-L52 -> #VALUE! | Q52: 350 | R52: =Q52/350 -> 1 | S52: =P52*R52 -> #VALUE! | T52: =L52+O52 -> #VALUE! | U52: 0.5 | V52: =(U52)/6 -> 0.083333333 | W52: =V52*T52 -> #VALUE!
F53: =IF(G53="","",VLOOKUP(G53,$B$4:$C$48,2,)) | I53: =IF(H53="","",VLOOKUP(H53,$B$4:$C$29,2,)) | K53: 6 | L53: =F53 | M53: =G53 -> 0 | N53: =H53 -> 0 | O53: =I53 | P53: =O53-L53 -> #VALUE! | Q53: 350 | R53: =Q53/350 -> 1 | S53: =P53*R53 -> #VALUE! | T53: =L53+O53 -> #VALUE! | U53: -0.5 | V53: =(U53)/6 -> -0.083333333 | W53: =V53*T53 -> #VALUE!
F54: =IF(G54="","",VLOOKUP(G54,$B$4:$C$48,2,)) | I54: =IF(H54="","",VLOOKUP(H54,$B$4:$C$29,2,)) | K54: 7 | L54: =F54 | M54: =G54 -> 0 | N54: =H54 -> 0 | O54: =I54 | P54: =O54-L54 -> #VALUE! | Q54: 350 | R54: =Q54/350 -> 1 | S54: =P54*R54 -> #VALUE! | T54: =L54+O54 -> #VALUE! | U54: -1.5 | V54: =(U54)/6 -> -0.25 | W54: =V54*T54 -> #VALUE!
F55: =IF(G55="","",VLOOKUP(G55,$B$4:$C$48,2,)) | I55: =IF(H55="","",VLOOKUP(H55,$B$4:$C$29,2,)) | K55: 8 | L55: =F55 | M55: =G55 -> 0 | N55: =H55 -> 0 | O55: =I55 | P55: =O55-L55 -> #VALUE! | Q55: 350 | R55: =Q55/350 -> 1 | S55: =P55*R55 -> #VALUE! | T55: =L55+O55 -> #VALUE! | U55: -2.5 | V55: =(U55)/6 -> -0.41666667 | W55: =V55*T55 -> #VALUE!
F56: =IF(G56="","",VLOOKUP(G56,$B$4:$C$48,2,)) | I56: =IF(H56="","",VLOOKUP(H56,$B$4:$C$29,2,)) | K56: 9 | L56: =F56 | M56: =G56 -> 0 | N56: =H56 -> 0 | O56: =I56 | P56: =O56-L56 -> #VALUE! | Q56: 330 | R56: =Q56/350 -> 0.94285714 | S56: =P56*R56 -> #VALUE! | T56: =L56+O56 -> #VALUE! | U56: -3.5 | V56: =(U56)/6 -> -0.58333333 | W56: =V56*T56 -> #VALUE!
F57: =IF(G57="","",VLOOKUP(G57,$B$4:$C$48,2,)) | I57: =IF(H57="","",VLOOKUP(H57,$B$4:$C$29,2,)) | K57: 10 | L57: =F57 | M57: =G57 -> 0 | N57: =H57 -> 0 | O57: =I57 | P57: =O57-L57 -> #VALUE! | Q57: 300 | R57: =Q57/350 -> 0.85714286 | S57: =P57*R57 -> #VALUE! | T57: =L57+O57 -> #VALUE! | U57: -4.5 | V57: =(U57)/6 -> -0.75 | W57: =V57*T57 -> #VALUE!
H58: =IF(G58="","",VLOOKUP(G58,$B$4:$C$48,2,)) | L58: 3 | P58: =O58-L58 -> -3 | Q58: 420 | R58: =Q58/350 -> 1.2 | S58: =P58*R58 -> -3.6 | T58: =H58+7 -> #VALUE! | U58: -6 | V58: =(U58)/6 -> -1 | W58: =V58*T58 -> #VALUE!
L59: =SUM(L48:L58) -> 3 | O59: =SUM(O48:O58) -> 0 | S59: =SUM(S48:S58) -> #VALUE! | W59: =SUM(W47:W58) -> #VALUE!
F60: Reserves: | L60: Res. | O60: 87 | S60: left-right | W60: back-front
H61: =IF(G61="","",VLOOKUP(G61,$B$4:$C$29,2,)) | L61: =H61 | M61: =G61 -> 0 | N61: Total Paddlers Weight | Q61: =SUM(O48:O57,L48:L57) -> 0 | S61: balance | W61: balance
H62: =IF(G62="","",VLOOKUP(G62,$B$4:$C$29,2,)) | L62: =H62 | M62: =G62 -> 0 | N62: Average Paddler Weight | Q62: =SUM(O48:O57,L48:L57)/20 -> 0 | S62: Aim for weight under 5 kg | W62: Aim for range of - 15 kg to -25 kg
H63: =IF(G63="","",VLOOKUP(G63,$B$4:$C$29,2,)) | L63: =H63 | M63: =G63 -> 0 | N63: Total Load | Q63: =SUM(Q61,T58,T47,650) -> #VALUE!
H64: =IF(G64="","",VLOOKUP(G64,$B$4:$C$29,2,)) | L64: =H64 | M64: =G64 -> 0 | N64: Total Load per Paddler | Q64: =SUM(Q61,T58,T47,650)/20 -> #VALUE!

Sheet Prem Open
G2: Enter names into the blue zones only - match the names from the "Name" column
A3: No | B3: Name | C3: Weight | D3: Prem Open
A4: 1 | B4: =IF(Allocation!H3="","",VLOOKUP(A4,Allocation!$A$2:$I$47,3)) -> Mary-Alice | C4: =IF(B4="","",VLOOKUP(A4,Allocation!$A$2:$I$47,4,)) -> 70 | D4: =IF(B4="","",VLOOKUP(A4,Allocation!$A$2:$I$47,8,)) -> 3 | F4: Heat 1
A5: 2 | B5: =IF(Allocation!H4="","",VLOOKUP(A5,Allocation!$A$2:$I$47,3)) -> Amanda D | C5: =IF(B5="","",VLOOKUP(A5,Allocation!$A$2:$I$47,4,)) -> 70 | D5: =IF(B5="","",VLOOKUP(A5,Allocation!$A$2:$I$47,8,)) -> 0 | G5: Sue T | H5: =IF(G5="","",VLOOKUP(G5,$B$4:$C$48,2,)) -> 63 | L5: Kg's | M5: Left | N5: Right | O5: Kg's | T5: =H5+14 -> 77 | U5: 6 | V5: =(U5)/6 -> 1 | W5: =V5*T5 -> 77
A6: 3 | B6: =IF(Allocation!H5="","",VLOOKUP(A6,Allocation!$A$2:$I$47,3)) -> Amanda F | C6: =IF(B6="","",VLOOKUP(A6,Allocation!$A$2:$I$47,4,)) -> 75 | D6: =IF(B6="","",VLOOKUP(A6,Allocation!$A$2:$I$47,8,)) -> 3 | F6: =IF(G6="","",VLOOKUP(G6,$B$4:$C$48,2,)) -> 84 | G6: Diego E | H6: Andrew B | I6: =IF(H6="","",VLOOKUP(H6,$B$4:$C$48,2,)) -> 75 | K6: 1 | L6: =F6 -> 84 | M6: =G6 -> Diego E | N6: =H6 -> Andrew B | O6: =I6 -> 75 | P6: =O6-L6 -> -9 | Q6: 300 | R6: =Q6/350 -> 0.85714286 | S6: =P6*R6 -> -7.7142857 | T6: =L6+O6 -> 159 | U6: 4.5 | V6: =(U6)/6 -> 0.75 | W6: =V6*T6 -> 119.25
A7: 4 | B7: =IF(Allocation!H6="","",VLOOKUP(A7,Allocation!$A$2:$I$47,3)) | C7: =IF(B7="","",VLOOKUP(A7,Allocation!$A$2:$I$47,4,)) | D7: =IF(B7="","",VLOOKUP(A7,Allocation!$A$2:$I$47,8,)) | F7: =IF(G7="","",VLOOKUP(G7,$B$4:$C$48,2,)) -> 91 | G7: Paul J | H7: Andrea M | I7: =IF(H7="","",VLOOKUP(H7,$B$4:$C$48,2,)) -> 65 | K7: 2 | L7: =F7 -> 91 | M7: =G7 -> Paul J | N7: =H7 -> Andrea M | O7: =I7 -> 65 | P7: =O7-L7 -> -26 | Q7: 330 | R7: =Q7/350 -> 0.94285714 | S7: =P7*R7 -> -24.514286 | T7: =L7+O7 -> 156 | U7: 3.5 | V7: =(U7)/6 -> 0.58333333 | W7: =V7*T7 -> 91
A8: 5 | B8: =IF(Allocation!H7="","",VLOOKUP(A8,Allocation!$A$2:$I$47,3)) | C8: =IF(B8="","",VLOOKUP(A8,Allocation!$A$2:$I$47,4,)) | D8: =IF(B8="","",VLOOKUP(A8,Allocation!$A$2:$I$47,8,)) | F8: =IF(G8="","",VLOOKUP(G8,$B$4:$C$48,2,)) -> 75 | G8: Amanda F | H8: Andrew H | I8: =IF(H8="","",VLOOKUP(H8,$B$4:$C$48,2,)) -> 77 | K8: 3 | L8: =F8 -> 75 | M8: =G8 -> Amanda F | N8: =H8 -> Andrew H | O8: =I8 -> 77 | P8: =O8-L8 -> 2 | Q8: 350 | R8: =Q8/350 -> 1 | S8: =P8*R8 -> 2 | T8: =L8+O8 -> 152 | U8: 2.5 | V8: =(U8)/6 -> 0.41666667 | W8: =V8*T8 -> 63.333333
A9: 6 | B9: =IF(Allocation!H8="","",VLOOKUP(A9,Allocation!$A$2:$I$47,3)) -> Bibiana A | C9: =IF(B9="","",VLOOKUP(A9,Allocation!$A$2:$I$47,4,)) -> 75 | D9: =IF(B9="","",VLOOKUP(A9,Allocation!$A$2:$I$47,8,)) -> 3 | F9: =IF(G9="","",VLOOKUP(G9,$B$4:$C$48,2,)) -> 95 | G9: Kiran R | H9: Detlef H | I9: =IF(H9="","",VLOOKUP(H9,$B$4:$C$48,2,)) -> 90 | K9: 4 | L9: =F9 -> 95 | M9: =G9 -> Kiran R | N9: =H9 -> Detlef H | O9: =I9 -> 90 | P9: =O9-L9 -> -5 | Q9: 350 | R9: =Q9/350 -> 1 | S9: =P9*R9 -> -5 | T9: =L9+O9 -> 185 | U9: 1.5 | V9: =(U9)/6 -> 0.25 | W9: =V9*T9 -> 46.25
A10: 7 | B10: =IF(Allocation!H9="","",VLOOKUP(A10,Allocation!$A$2:$I$47,3)) -> Deb H | C10: =IF(B10="","",VLOOKUP(A10,Allocation!$A$2:$I$47,4,)) -> 64 | D10: =IF(B10="","",VLOOKUP(A10,Allocation!$A$2:$I$47,8,)) -> 0 | F10: =IF(G10="","",VLOOKUP(G10,$B$4:$C$48,2,)) -> 67 | G10: Anne-Marie | H10: Mary-Alice | I10: =IF(H10="","",VLOOKUP(H10,$B$4:$C$48,2,)) -> 70 | K10: 5 | L10: =F10 -> 67 | M10: =G10 -> Anne-Marie | N10: =H10 -> Mary-Alice | O10: =I10 -> 70 | P10: =O10-L10 -> 3 | Q10: 350 | R10: =Q10/350 -> 1 | S10: =P10*R10 -> 3 | T10: =L10+O10 -> 137 | U10: 0.5 | V10: =(U10)/6 -> 0.083333333 | W10: =V10*T10 -> 11.416667
A11: 8 | B11: =IF(Allocation!H10="","",VLOOKUP(A11,Allocation!$A$2:$I$47,3)) -> Amy | C11: =IF(B11="","",VLOOKUP(A11,Allocation!$A$2:$I$47,4,)) -> 65 | D11: =IF(B11="","",VLOOKUP(A11,Allocation!$A$2:$I$47,8,)) -> 3 | F11: =IF(G11="","",VLOOKUP(G11,$B$4:$C$48,2,)) -> 68 | G11: Jaid | H11: Rachael H | I11: =IF(H11="","",VLOOKUP(H11,$B$4:$C$48,2,)) -> 85 | K11: 6 | L11: =F11 -> 68 | M11: =G11 -> Jaid | N11: =H11 -> Rachael H | O11: =I11 -> 85 | P11: =O11-L11 -> 17 | Q11: 350 | R11: =Q11/350 -> 1 | S11: =P11*R11 -> 17 | T11: =L11+O11 -> 153 | U11: -0.5 | V11: =(U11)/6 -> -0.083333333 | W11: =V11*T11 -> -12.75
A12: 9 | B12: =IF(Allocation!H11="","",VLOOKUP(A12,Allocation!$A$2:$I$47,3)) -> Jocelyn K | C12: =IF(B12="","",VLOOKUP(A12,Allocation!$A$2:$I$47,4,)) -> 58 | D12: =IF(B12="","",VLOOKUP(A12,Allocation!$A$2:$I$47,8,)) -> 0 | F12: =IF(G12="","",VLOOKUP(G12,$B$4:$C$48,2,)) -> 47 | G12: Alice S | H12: Liz Mc | I12: =IF(H12="","",VLOOKUP(H12,$B$4:$C$48,2,)) -> 64 | K12: 7 | L12: =F12 -> 47 | M12: =G12 -> Alice S | N12: =H12 -> Liz Mc | O12: =I12 -> 64 | P12: =O12-L12 -> 17 | Q12: 350 | R12: =Q12/350 -> 1 | S12: =P12*R12 -> 17 | T12: =L12+O12 -> 111 | U12: -1.5 | V12: =(U12)/6 -> -0.25 | W12: =V12*T12 -> -27.75
A13: 10 | B13: =IF(Allocation!H12="","",VLOOKUP(A13,Allocation!$A$2:$I$47,3)) | C13: =IF(B13="","",VLOOKUP(A13,Allocation!$A$2:$I$47,4,)) | D13: =IF(B13="","",VLOOKUP(A13,Allocation!$A$2:$I$47,8,)) | F13: =IF(G13="","",VLOOKUP(G13,$B$4:$C$48,2,)) -> 75 | G13: Bibiana A | H13: Marc | I13: =IF(H13="","",VLOOKUP(H13,$B$4:$C$48,2,)) -> 71 | K13: 8 | L13: =F13 -> 75 | M13: =G13 -> Bibiana A | N13: =H13 -> Marc | O13: =I13 -> 71 | P13: =O13-L13 -> -4 | Q13: 350 | R13: =Q13/350 -> 1 | S13: =P13*R13 -> -4 | T13: =L13+O13 -> 146 | U13: -2.5 | V13: =(U13)/6 -> -0.41666667 | W13: =V13*T13 -> -60.833333
A14: 11 | B14: =IF(Allocation!H13="","",VLOOKUP(A14,Allocation!$A$2:$I$47,3)) | C14: =IF(B14="","",VLOOKUP(A14,Allocation!$A$2:$I$47,4,)) | D14: =IF(B14="","",VLOOKUP(A14,Allocation!$A$2:$I$47,8,)) | F14: =IF(G14="","",VLOOKUP(G14,$B$4:$C$48,2,)) -> 82 | G14: Michael H | H14: Richard V | I14: =IF(H14="","",VLOOKUP(H14,$B$4:$C$48,2,)) -> 90 | K14: 9 | L14: =F14 -> 82 | M14: =G14 -> Michael H | N14: =H14 -> Richard V | O14: =I14 -> 90 | P14: =O14-L14 -> 8 | Q14: 330 | R14: =Q14/350 -> 0.94285714 | S14: =P14*R14 -> 7.5428571 | T14: =L14+O14 -> 172 | U14: -3.5 | V14: =(U14)/6 -> -0.58333333 | W14: =V14*T14 -> -100.33333
A15: 12 | B15: =IF(Allocation!H14="","",VLOOKUP(A15,Allocation!$A$2:$I$47,3)) -> S-J | C15: =IF(B15="","",VLOOKUP(A15,Allocation!$A$2:$I$47,4,)) -> 62 | D15: =IF(B15="","",VLOOKUP(A15,Allocation!$A$2:$I$47,8,)) -> 0 | F15: =IF(G15="","",VLOOKUP(G15,$B$4:$C$48,2,)) -> 65 | G15: Amy | H15: Simon F | I15: =IF(H15="","",VLOOKUP(H15,$B$4:$C$48,2,)) -> 64 | K15: 10 | L15: =F15 -> 65 | M15: =G15 -> Amy | N15: =H15 -> Simon F | O15: =I15 -> 64 | P15: =O15-L15 -> -1 | Q15: 300 | R15: =Q15/350 -> 0.85714286 | S15: =P15*R15 -> -0.85714286 | T15: =L15+O15 -> 129 | U15: -4.5 | V15: =(U15)/6 -> -0.75 | W15: =V15*T15 -> -96.75
A16: 13 | B16: =IF(Allocation!H15="","",VLOOKUP(A16,Allocation!$A$2:$I$47,3)) -> Sue T | C16: =IF(B16="","",VLOOKUP(A16,Allocation!$A$2:$I$47,4,)) -> 63 | D16: =IF(B16="","",VLOOKUP(A16,Allocation!$A$2:$I$47,8,)) -> Drum | G16: Petr V | H16: =IF(G16="","",VLOOKUP(G16,$B$4:$C$48,2,)) -> 73 | L16: 3 | P16: =O16-L16 -> -3 | Q16: 420 | R16: =Q16/350 -> 1.2 | S16: =P16*R16 -> -3.6 | T16: =H16+7 -> 80 | U16: -6 | V16: =(U16)/6 -> -1 | W16: =V16*T16 -> -80
A17: 14 | B17: =IF(Allocation!H16="","",VLOOKUP(A17,Allocation!$A$2:$I$47,3)) | C17: =IF(B17="","",VLOOKUP(A17,Allocation!$A$2:$I$47,4,)) | D17: =IF(B17="","",VLOOKUP(A17,Allocation!$A$2:$I$47,8,)) | L17: =SUM(L6:L16) -> 752 | O17: =SUM(O6:O16) -> 751 | S17: =SUM(S6:S16) -> 0.85714286 | W17: =SUM(W5:W16) -> 29.833333
A18: 15 | B18: =IF(Allocation!H17="","",VLOOKUP(A18,Allocation!$A$2:$I$47,3)) | C18: =IF(B18="","",VLOOKUP(A18,Allocation!$A$2:$I$47,4,)) | D18: =IF(B18="","",VLOOKUP(A18,Allocation!$A$2:$I$47,8,)) | F18: Reserves: | L18: Res. | O18: 87 | S18: left-right | W18: back-front
A19: 16 | B19: =IF(Allocation!H18="","",VLOOKUP(A19,Allocation!$A$2:$I$47,3)) | C19: =IF(B19="","",VLOOKUP(A19,Allocation!$A$2:$I$47,4,)) | D19: =IF(B19="","",VLOOKUP(A19,Allocation!$A$2:$I$47,8,)) | G19: Amanda D | H19: =IF(G19="","",VLOOKUP(G19,$B$4:$C$29,2,)) -> 70 | L19: =H19 -> 70 | M19: =G19 -> Amanda D | N19: Total Paddlers Weight | Q19: =SUM(O6:O15,L6:L15) -> 1500 | S19: balance | W19: balance
A20: 17 | B20: =IF(Allocation!H19="","",VLOOKUP(A20,Allocation!$A$2:$I$47,3)) -> Anne-Marie | C20: =IF(B20="","",VLOOKUP(A20,Allocation!$A$2:$I$47,4,)) -> 67 | D20: =IF(B20="","",VLOOKUP(A20,Allocation!$A$2:$I$47,8,)) -> 3 | G20: Jocelyn K | H20: =IF(G20="","",VLOOKUP(G20,$B$4:$C$29,2,)) -> 58 | L20: =H20 -> 58 | M20: =G20 -> Jocelyn K | N20: Average Paddler Weight | Q20: =SUM(O6:O15,L6:L15)/20 -> 75 | S20: Aim for weight under 5 kg | W20: Aim for range of - 15 kg to -25 kg
A21: 18 | B21: =IF(Allocation!H20="","",VLOOKUP(A21,Allocation!$A$2:$I$47,3)) | C21: =IF(B21="","",VLOOKUP(A21,Allocation!$A$2:$I$47,4,)) | D21: =IF(B21="","",VLOOKUP(A21,Allocation!$A$2:$I$47,8,)) | G21: S-J | H21: =IF(G21="","",VLOOKUP(G21,$B$4:$C$29,2,)) -> 62 | L21: =H21 -> 62 | M21: =G21 -> S-J | N21: Total Load | Q21: =SUM(Q19,T16,T5,650) -> 2307
A22: 19 | B22: =IF(Allocation!H21="","",VLOOKUP(A22,Allocation!$A$2:$I$47,3)) -> Rachael H | C22: =IF(B22="","",VLOOKUP(A22,Allocation!$A$2:$I$47,4,)) -> 85 | D22: =IF(B22="","",VLOOKUP(A22,Allocation!$A$2:$I$47,8,)) -> 3 | G22: Deb H | H22: =IF(G22="","",VLOOKUP(G22,$B$4:$C$29,2,)) -> 64 | L22: =H22 -> 64 | M22: =G22 -> Deb H | N22: Total Load per Paddler | Q22: =SUM(Q19,T16,T5,650)/20 -> 115.35
A23: 20 | B23: =IF(Allocation!H22="","",VLOOKUP(A23,Allocation!$A$2:$I$47,3)) -> Liz Mc | C23: =IF(B23="","",VLOOKUP(A23,Allocation!$A$2:$I$47,4,)) -> 64 | D23: =IF(B23="","",VLOOKUP(A23,Allocation!$A$2:$I$47,8,)) -> 3
A24: 21 | B24: =IF(Allocation!H23="","",VLOOKUP(A24,Allocation!$A$2:$I$47,3)) | C24: =IF(B24="","",VLOOKUP(A24,Allocation!$A$2:$I$47,4,)) | D24: =IF(B24="","",VLOOKUP(A24,Allocation!$A$2:$I$47,8,))
A25: 22 | B25: =IF(Allocation!H24="","",VLOOKUP(A25,Allocation!$A$2:$I$47,3)) -> Alice S | C25: =IF(B25="","",VLOOKUP(A25,Allocation!$A$2:$I$47,4,)) -> 47 | D25: =IF(B25="","",VLOOKUP(A25,Allocation!$A$2:$I$47,8,)) -> 3 | F25: Heat 2
A26: 23 | B26: =IF(Allocation!H25="","",VLOOKUP(A26,Allocation!$A$2:$I$47,3)) | C26: =IF(B26="","",VLOOKUP(A26,Allocation!$A$2:$I$47,4,)) | D26: =IF(B26="","",VLOOKUP(A26,Allocation!$A$2:$I$47,8,)) | G26: Sue T | H26: =IF(G26="","",VLOOKUP(G26,$B$4:$C$48,2,)) -> 63 | L26: Kg's | M26: Left | N26: Right | O26: Kg's | T26: =H26+14 -> 77 | U26: 6 | V26: =(U26)/6 -> 1 | W26: =V26*T26 -> 77
A27: 24 | B27: =IF(Allocation!H26="","",VLOOKUP(A27,Allocation!$A$2:$I$47,3)) -> Michael H | C27: =IF(B27="","",VLOOKUP(A27,Allocation!$A$2:$I$47,4,)) -> 82 | D27: =IF(B27="","",VLOOKUP(A27,Allocation!$A$2:$I$47,8,)) -> 3 | F27: =IF(G27="","",VLOOKUP(G27,$B$4:$C$48,2,)) -> 75 | G27: Andrew B | H27: Diego E | I27: =IF(H27="","",VLOOKUP(H27,$B$4:$C$48,2,)) -> 84 | K27: 1 | L27: =F27 -> 75 | M27: =G27 -> Andrew B | N27: =H27 -> Diego E | O27: =I27 -> 84 | P27: =O27-L27 -> 9 | Q27: 300 | R27: =Q27/350 -> 0.85714286 | S27: =P27*R27 -> 7.7142857 | T27: =L27+O27 -> 159 | U27: 4.5 | V27: =(U27)/6 -> 0.75 | W27: =V27*T27 -> 119.25
A28: 25 | B28: =IF(Allocation!H27="","",VLOOKUP(A28,Allocation!$A$2:$I$47,3)) -> Andrew B | C28: =IF(B28="","",VLOOKUP(A28,Allocation!$A$2:$I$47,4,)) -> 75 | D28: =IF(B28="","",VLOOKUP(A28,Allocation!$A$2:$I$47,8,)) -> 3 | F28: =IF(G28="","",VLOOKUP(G28,$B$4:$C$48,2,)) -> 65 | G28: Andrea M | H28: Paul J | I28: =IF(H28="","",VLOOKUP(H28,$B$4:$C$48,2,)) -> 91 | K28: 2 | L28: =F28 -> 65 | M28: =G28 -> Andrea M | N28: =H28 -> Paul J | O28: =I28 -> 91 | P28: =O28-L28 -> 26 | Q28: 330 | R28: =Q28/350 -> 0.94285714 | S28: =P28*R28 -> 24.514286 | T28: =L28+O28 -> 156 | U28: 3.5 | V28: =(U28)/6 -> 0.58333333 | W28: =V28*T28 -> 91
A29: 26 | B29: =IF(Allocation!H28="","",VLOOKUP(A29,Allocation!$A$2:$I$47,3)) -> Diego E | C29: =IF(B29="","",VLOOKUP(A29,Allocation!$A$2:$I$47,4,)) -> 84 | D29: =IF(B29="","",VLOOKUP(A29,Allocation!$A$2:$I$47,8,)) -> 3 | F29: =IF(G29="","",VLOOKUP(G29,$B$4:$C$48,2,)) -> 75 | G29: Amanda F | H29: Andrew H | I29: =IF(H29="","",VLOOKUP(H29,$B$4:$C$48,2,)) -> 77 | K29: 3 | L29: =F29 -> 75 | M29: =G29 -> Amanda F | N29: =H29 -> Andrew H | O29: =I29 -> 77 | P29: =O29-L29 -> 2 | Q29: 350 | R29: =Q29/350 -> 1 | S29: =P29*R29 -> 2 | T29: =L29+O29 -> 152 | U29: 2.5 | V29: =(U29)/6 -> 0.41666667 | W29: =V29*T29 -> 63.333333
A30: 27 | B30: =IF(Allocation!H29="","",VLOOKUP(A30,Allocation!$A$2:$I$47,3)) -> Simon F | C30: =IF(B30="","",VLOOKUP(A30,Allocation!$A$2:$I$47,4,)) -> 64 | D30: =IF(B30="","",VLOOKUP(A30,Allocation!$A$2:$I$47,8,)) -> 3 | F30: =IF(G30="","",VLOOKUP(G30,$B$4:$C$48,2,)) -> 90 | G30: Detlef H | H30: Kiran R | I30: =IF(H30="","",VLOOKUP(H30,$B$4:$C$48,2,)) -> 95 | K30: 4 | L30: =F30 -> 90 | M30: =G30 -> Detlef H | N30: =H30 -> Kiran R | O30: =I30 -> 95 | P30: =O30-L30 -> 5 | Q30: 350 | R30: =Q30/350 -> 1 | S30: =P30*R30 -> 5 | T30: =L30+O30 -> 185 | U30: 1.5 | V30: =(U30)/6 -> 0.25 | W30: =V30*T30 -> 46.25
A31: 28 | B31: =IF(Allocation!H30="","",VLOOKUP(A31,Allocation!$A$2:$I$47,3)) -> Andrew H | C31: =IF(B31="","",VLOOKUP(A31,Allocation!$A$2:$I$47,4,)) -> 77 | D31: =IF(B31="","",VLOOKUP(A31,Allocation!$A$2:$I$47,8,)) -> 3 | F31: =IF(G31="","",VLOOKUP(G31,$B$4:$C$48,2,)) -> 67 | G31: Anne-Marie | H31: Mary-Alice | I31: =IF(H31="","",VLOOKUP(H31,$B$4:$C$48,2,)) -> 70 | K31: 5 | L31: =F31 -> 67 | M31: =G31 -> Anne-Marie | N31: =H31 -> Mary-Alice | O31: =I31 -> 70 | P31: =O31-L31 -> 3 | Q31: 350 | R31: =Q31/350 -> 1 | S31: =P31*R31 -> 3 | T31: =L31+O31 -> 137 | U31: 0.5 | V31: =(U31)/6 -> 0.083333333 | W31: =V31*T31 -> 11.416667
A32: 29 | B32: =IF(Allocation!H31="","",VLOOKUP(A32,Allocation!$A$2:$I$47,3)) -> Detlef H | C32: =IF(B32="","",VLOOKUP(A32,Allocation!$A$2:$I$47,4,)) -> 90 | D32: =IF(B32="","",VLOOKUP(A32,Allocation!$A$2:$I$47,8,)) -> 3 | F32: =IF(G32="","",VLOOKUP(G32,$B$4:$C$48,2,)) -> 85 | G32: Rachael H | H32: Jaid | I32: =IF(H32="","",VLOOKUP(H32,$B$4:$C$48,2,)) -> 68 | K32: 6 | L32: =F32 -> 85 | M32: =G32 -> Rachael H | N32: =H32 -> Jaid | O32: =I32 -> 68 | P32: =O32-L32 -> -17 | Q32: 350 | R32: =Q32/350 -> 1 | S32: =P32*R32 -> -17 | T32: =L32+O32 -> 153 | U32: -0.5 | V32: =(U32)/6 -> -0.083333333 | W32: =V32*T32 -> -12.75
A33: 30 | B33: =IF(Allocation!H32="","",VLOOKUP(A33,Allocation!$A$2:$I$47,3)) -> Paul J | C33: =IF(B33="","",VLOOKUP(A33,Allocation!$A$2:$I$47,4,)) -> 91 | D33: =IF(B33="","",VLOOKUP(A33,Allocation!$A$2:$I$47,8,)) -> 3 | F33: =IF(G33="","",VLOOKUP(G33,$B$4:$C$48,2,)) -> 64 | G33: Liz Mc | H33: Alice S | I33: =IF(H33="","",VLOOKUP(H33,$B$4:$C$48,2,)) -> 47 | K33: 7 | L33: =F33 -> 64 | M33: =G33 -> Liz Mc | N33: =H33 -> Alice S | O33: =I33 -> 47 | P33: =O33-L33 -> -17 | Q33: 350 | R33: =Q33/350 -> 1 | S33: =P33*R33 -> -17 | T33: =L33+O33 -> 111 | U33: -1.5 | V33: =(U33)/6 -> -0.25 | W33: =V33*T33 -> -27.75
A34: 31 | B34: =IF(Allocation!H33="","",VLOOKUP(A34,Allocation!$A$2:$I$47,3)) -> Jaid | C34: =IF(B34="","",VLOOKUP(A34,Allocation!$A$2:$I$47,4,)) -> 68 | D34: =IF(B34="","",VLOOKUP(A34,Allocation!$A$2:$I$47,8,)) -> 3 | F34: =IF(G34="","",VLOOKUP(G34,$B$4:$C$48,2,)) -> 71 | G34: Marc | H34: Bibiana A | I34: =IF(H34="","",VLOOKUP(H34,$B$4:$C$48,2,)) -> 75 | K34: 8 | L34: =F34 -> 71 | M34: =G34 -> Marc | N34: =H34 -> Bibiana A | O34: =I34 -> 75 | P34: =O34-L34 -> 4 | Q34: 350 | R34: =Q34/350 -> 1 | S34: =P34*R34 -> 4 | T34: =L34+O34 -> 146 | U34: -2.5 | V34: =(U34)/6 -> -0.41666667 | W34: =V34*T34 -> -60.833333
A35: 32 | B35: =IF(Allocation!H34="","",VLOOKUP(A35,Allocation!$A$2:$I$47,3)) -> Kiran R | C35: =IF(B35="","",VLOOKUP(A35,Allocation!$A$2:$I$47,4,)) -> 95 | D35: =IF(B35="","",VLOOKUP(A35,Allocation!$A$2:$I$47,8,)) -> 3 | F35: =IF(G35="","",VLOOKUP(G35,$B$4:$C$48,2,)) -> 90 | G35: Richard V | H35: Michael H | I35: =IF(H35="","",VLOOKUP(H35,$B$4:$C$48,2,)) -> 82 | K35: 9 | L35: =F35 -> 90 | M35: =G35 -> Richard V | N35: =H35 -> Michael H | O35: =I35 -> 82 | P35: =O35-L35 -> -8 | Q35: 330 | R35: =Q35/350 -> 0.94285714 | S35: =P35*R35 -> -7.5428571 | T35: =L35+O35 -> 172 | U35: -3.5 | V35: =(U35)/6 -> -0.58333333 | W35: =V35*T35 -> -100.33333
A36: 33 | B36: =IF(Allocation!H35="","",VLOOKUP(A36,Allocation!$A$2:$I$47,3)) -> Marc | C36: =IF(B36="","",VLOOKUP(A36,Allocation!$A$2:$I$47,4,)) -> 71 | D36: =IF(B36="","",VLOOKUP(A36,Allocation!$A$2:$I$47,8,)) -> 3 | F36: =IF(G36="","",VLOOKUP(G36,$B$4:$C$48,2,)) -> 64 | G36: Simon F | H36: Amy | I36: =IF(H36="","",VLOOKUP(H36,$B$4:$C$48,2,)) -> 65 | K36: 10 | L36: =F36 -> 64 | M36: =G36 -> Simon F | N36: =H36 -> Amy | O36: =I36 -> 65 | P36: =O36-L36 -> 1 | Q36: 300 | R36: =Q36/350 -> 0.85714286 | S36: =P36*R36 -> 0.85714286 | T36: =L36+O36 -> 129 | U36: -4.5 | V36: =(U36)/6 -> -0.75 | W36: =V36*T36 -> -96.75
A37: 34 | B37: =IF(Allocation!H36="","",VLOOKUP(A37,Allocation!$A$2:$I$47,3)) -> Petr V | C37: =IF(B37="","",VLOOKUP(A37,Allocation!$A$2:$I$47,4,)) -> 73 | D37: =IF(B37="","",VLOOKUP(A37,Allocation!$A$2:$I$47,8,)) -> Sweep | G37: Petr V | H37: =IF(G37="","",VLOOKUP(G37,$B$4:$C$48,2,)) -> 73 | L37: 3 | P37: =O37-L37 -> -3 | Q37: 420 | R37: =Q37/350 -> 1.2 | S37: =P37*R37 -> -3.6 | T37: =H37+7 -> 80 | U37: -6 | V37: =(U37)/6 -> -1 | W37: =V37*T37 -> -80
A38: 35 | B38: =IF(Allocation!H37="","",VLOOKUP(A38,Allocation!$A$2:$I$47,3)) -> Richard V | C38: =IF(B38="","",VLOOKUP(A38,Allocation!$A$2:$I$47,4,)) -> 90 | D38: =IF(B38="","",VLOOKUP(A38,Allocation!$A$2:$I$47,8,)) -> 3 | L38: =SUM(L27:L37) -> 749 | O38: =SUM(O27:O37) -> 754 | S38: =SUM(S27:S37) -> 1.9428571 | W38: =SUM(W26:W37) -> 29.833333
A39: 36 | B39: =IF(Allocation!H38="","",VLOOKUP(A39,Allocation!$A$2:$I$47,3)) -> Andrea M | C39: =IF(B39="","",VLOOKUP(A39,Allocation!$A$2:$I$47,4,)) -> 65 | D39: =IF(B39="","",VLOOKUP(A39,Allocation!$A$2:$I$47,8,)) -> 3 | F39: Reserves: | L39: Res. | O39: 87 | S39: left-right | W39: back-front
A40: 37 | B40: =IF(Allocation!H39="","",VLOOKUP(A40,Allocation!$A$2:$I$47,3)) | C40: =IF(B40="","",VLOOKUP(A40,Allocation!$A$2:$I$47,4,)) | D40: =IF(B40="","",VLOOKUP(A40,Allocation!$A$2:$I$47,8,)) | G40: Amanda D | H40: =IF(G40="","",VLOOKUP(G40,$B$4:$C$29,2,)) -> 70 | L40: =H40 -> 70 | M40: =G40 -> Amanda D | N40: Total Paddlers Weight | Q40: =SUM(O27:O36,L27:L36) -> 1500 | S40: balance | W40: balance
A41: 38 | B41: =IF(Allocation!H40="","",VLOOKUP(A41,Allocation!$A$2:$I$47,3)) | C41: =IF(B41="","",VLOOKUP(A41,Allocation!$A$2:$I$47,4,)) | D41: =IF(B41="","",VLOOKUP(A41,Allocation!$A$2:$I$47,8,)) | G41: Jocelyn K | H41: =IF(G41="","",VLOOKUP(G41,$B$4:$C$29,2,)) -> 58 | L41: =H41 -> 58 | M41: =G41 -> Jocelyn K | N41: Average Paddler Weight | Q41: =SUM(O27:O36,L27:L36)/20 -> 75 | S41: Aim for weight under 5 kg | W41: Aim for range of - 15 kg to -25 kg
A42: 39 | B42: =IF(Allocation!H41="","",VLOOKUP(A42,Allocation!$A$2:$I$47,3)) | C42: =IF(B42="","",VLOOKUP(A42,Allocation!$A$2:$I$47,4,)) | D42: =IF(B42="","",VLOOKUP(A42,Allocation!$A$2:$I$47,8,)) | G42: S-J | H42: =IF(G42="","",VLOOKUP(G42,$B$4:$C$29,2,)) -> 62 | L42: =H42 -> 62 | M42: =G42 -> S-J | N42: Total Load | Q42: =SUM(Q40,T37,T26,650) -> 2307
A43: 40 | B43: =IF(Allocation!H42="","",VLOOKUP(A43,Allocation!$A$2:$I$47,3)) | C43: =IF(B43="","",VLOOKUP(A43,Allocation!$A$2:$I$47,4,)) | D43: =IF(B43="","",VLOOKUP(A43,Allocation!$A$2:$I$47,8,)) | G43: Deb H | H43: =IF(G43="","",VLOOKUP(G43,$B$4:$C$29,2,)) -> 64 | L43: =H43 -> 64 | M43: =G43 -> Deb H | N43: Total Load per Paddler | Q43: =SUM(Q40,T37,T26,650)/20 -> 115.35
A44: 41 | B44: =IF(Allocation!H43="","",VLOOKUP(A44,Allocation!$A$2:$I$47,3)) | C44: =IF(B44="","",VLOOKUP(A44,Allocation!$A$2:$I$47,4,)) | D44: =IF(B44="","",VLOOKUP(A44,Allocation!$A$2:$I$47,8,))
A45: 42 | B45: =IF(Allocation!H44="","",VLOOKUP(A45,Allocation!$A$2:$I$47,3)) | C45: =IF(B45="","",VLOOKUP(A45,Allocation!$A$2:$I$47,4,)) | D45: =IF(B45="","",VLOOKUP(A45,Allocation!$A$2:$I$47,8,))
A46: 43 | B46: =IF(Allocation!H45="","",VLOOKUP(A46,Allocation!$A$2:$I$47,3)) | C46: =IF(B46="","",VLOOKUP(A46,Allocation!$A$2:$I$47,4,)) | D46: =IF(B46="","",VLOOKUP(A46,Allocation!$A$2:$I$47,8,)) | F46: Final
A47: 44 | B47: =IF(Allocation!H46="","",VLOOKUP(A47,Allocation!$A$2:$I$47,3)) | C47: =IF(B47="","",VLOOKUP(A47,Allocation!$A$2:$I$47,4,)) | D47: =IF(B47="","",VLOOKUP(A47,Allocation!$A$2:$I$47,8,)) | H47: =IF(G47="","",VLOOKUP(G47,$B$4:$C$48,2,)) | L47: Kg's | M47: Left | N47: Right | O47: Kg's | T47: =H47+14 -> #VALUE! | U47: 6 | V47: =(U47)/6 -> 1 | W47: =V47*T47 -> #VALUE!
A48: 45 | B48: =IF(Allocation!H47="","",VLOOKUP(A48,Allocation!$A$2:$I$47,3)) | C48: =IF(B48="","",VLOOKUP(A48,Allocation!$A$2:$I$47,4,)) | D48: =IF(B48="","",VLOOKUP(A48,Allocation!$A$2:$I$47,8,)) | F48: =IF(G48="","",VLOOKUP(G48,$B$4:$C$48,2,)) | I48: =IF(H48="","",VLOOKUP(H48,$B$4:$C$48,2,)) | K48: 1 | L48: =F48 | M48: =G48 -> 0 | N48: =H48 -> 0 | O48: =I48 | P48: =O48-L48 -> #VALUE! | Q48: 300 | R48: =Q48/350 -> 0.85714286 | S48: =P48*R48 -> #VALUE! | T48: =L48+O48 -> #VALUE! | U48: 4.5 | V48: =(U48)/6 -> 0.75 | W48: =V48*T48 -> #VALUE!
F49: =IF(G49="","",VLOOKUP(G49,$B$4:$C$48,2,)) | I49: =IF(H49="","",VLOOKUP(H49,$B$4:$C$29,2,)) | K49: 2 | L49: =F49 | M49: =G49 -> 0 | N49: =H49 -> 0 | O49: =I49 | P49: =O49-L49 -> #VALUE! | Q49: 330 | R49: =Q49/350 -> 0.94285714 | S49: =P49*R49 -> #VALUE! | T49: =L49+O49 -> #VALUE! | U49: 3.5 | V49: =(U49)/6 -> 0.58333333 | W49: =V49*T49 -> #VALUE!
F50: =IF(G50="","",VLOOKUP(G50,$B$4:$C$48,2,)) | I50: =IF(H50="","",VLOOKUP(H50,$B$4:$C$29,2,)) | K50: 3 | L50: =F50 | M50: =G50 -> 0 | N50: =H50 -> 0 | O50: =I50 | P50: =O50-L50 -> #VALUE! | Q50: 350 | R50: =Q50/350 -> 1 | S50: =P50*R50 -> #VALUE! | T50: =L50+O50 -> #VALUE! | U50: 2.5 | V50: =(U50)/6 -> 0.41666667 | W50: =V50*T50 -> #VALUE!
F51: =IF(G51="","",VLOOKUP(G51,$B$4:$C$48,2,)) | I51: =IF(H51="","",VLOOKUP(H51,$B$4:$C$29,2,)) | K51: 4 | L51: =F51 | M51: =G51 -> 0 | N51: =H51 -> 0 | O51: =I51 | P51: =O51-L51 -> #VALUE! | Q51: 350 | R51: =Q51/350 -> 1 | S51: =P51*R51 -> #VALUE! | T51: =L51+O51 -> #VALUE! | U51: 1.5 | V51: =(U51)/6 -> 0.25 | W51: =V51*T51 -> #VALUE!
F52: =IF(G52="","",VLOOKUP(G52,$B$4:$C$48,2,)) | I52: =IF(H52="","",VLOOKUP(H52,$B$4:$C$29,2,)) | K52: 5 | L52: =F52 | M52: =G52 -> 0 | N52: =H52 -> 0 | O52: =I52 | P52: =O52-L52 -> #VALUE! | Q52: 350 | R52: =Q52/350 -> 1 | S52: =P52*R52 -> #VALUE! | T52: =L52+O52 -> #VALUE! | U52: 0.5 | V52: =(U52)/6 -> 0.083333333 | W52: =V52*T52 -> #VALUE!
F53: =IF(G53="","",VLOOKUP(G53,$B$4:$C$48,2,)) | I53: =IF(H53="","",VLOOKUP(H53,$B$4:$C$29,2,)) | K53: 6 | L53: =F53 | M53: =G53 -> 0 | N53: =H53 -> 0 | O53: =I53 | P53: =O53-L53 -> #VALUE! | Q53: 350 | R53: =Q53/350 -> 1 | S53: =P53*R53 -> #VALUE! | T53: =L53+O53 -> #VALUE! | U53: -0.5 | V53: =(U53)/6 -> -0.083333333 | W53: =V53*T53 -> #VALUE!
F54: =IF(G54="","",VLOOKUP(G54,$B$4:$C$48,2,)) | I54: =IF(H54="","",VLOOKUP(H54,$B$4:$C$29,2,)) | K54: 7 | L54: =F54 | M54: =G54 -> 0 | N54: =H54 -> 0 | O54: =I54 | P54: =O54-L54 -> #VALUE! | Q54: 350 | R54: =Q54/350 -> 1 | S54: =P54*R54 -> #VALUE! | T54: =L54+O54 -> #VALUE! | U54: -1.5 | V54: =(U54)/6 -> -0.25 | W54: =V54*T54 -> #VALUE!
F55: =IF(G55="","",VLOOKUP(G55,$B$4:$C$48,2,)) | I55: =IF(H55="","",VLOOKUP(H55,$B$4:$C$29,2,)) | K55: 8 | L55: =F55 | M55: =G55 -> 0 | N55: =H55 -> 0 | O55: =I55 | P55: =O55-L55 -> #VALUE! | Q55: 350 | R55: =Q55/350 -> 1 | S55: =P55*R55 -> #VALUE! | T55: =L55+O55 -> #VALUE! | U55: -2.5 | V55: =(U55)/6 -> -0.41666667 | W55: =V55*T55 -> #VALUE!
F56: =IF(G56="","",VLOOKUP(G56,$B$4:$C$48,2,)) | I56: =IF(H56="","",VLOOKUP(H56,$B$4:$C$29,2,)) | K56: 9 | L56: =F56 | M56: =G56 -> 0 | N56: =H56 -> 0 | O56: =I56 | P56: =O56-L56 -> #VALUE! | Q56: 330 | R56: =Q56/350 -> 0.94285714 | S56: =P56*R56 -> #VALUE! | T56: =L56+O56 -> #VALUE! | U56: -3.5 | V56: =(U56)/6 -> -0.58333333 | W56: =V56*T56 -> #VALUE!
F57: =IF(G57="","",VLOOKUP(G57,$B$4:$C$48,2,)) | I57: =IF(H57="","",VLOOKUP(H57,$B$4:$C$29,2,)) | K57: 10 | L57: =F57 | M57: =G57 -> 0 | N57: =H57 -> 0 | O57: =I57 | P57: =O57-L57 -> #VALUE! | Q57: 300 | R57: =Q57/350 -> 0.85714286 | S57: =P57*R57 -> #VALUE! | T57: =L57+O57 -> #VALUE! | U57: -4.5 | V57: =(U57)/6 -> -0.75 | W57: =V57*T57 -> #VALUE!
H58: =IF(G58="","",VLOOKUP(G58,$B$4:$C$48,2,)) | L58: 3 | P58: =O58-L58 -> -3 | Q58: 420 | R58: =Q58/350 -> 1.2 | S58: =P58*R58 -> -3.6 | T58: =H58+7 -> #VALUE! | U58: -6 | V58: =(U58)/6 -> -1 | W58: =V58*T58 -> #VALUE!
L59: =SUM(L48:L58) -> 3 | O59: =SUM(O48:O58) -> 0 | S59: =SUM(S48:S58) -> #VALUE! | W59: =SUM(W47:W58) -> #VALUE!
F60: Reserves: | L60: Res. | O60: 87 | S60: left-right | W60: back-front
H61: =IF(G61="","",VLOOKUP(G61,$B$4:$C$29,2,)) | L61: =H61 | M61: =G61 -> 0 | N61: Total Paddlers Weight | Q61: =SUM(O48:O57,L48:L57) -> 0 | S61: balance | W61: balance
H62: =IF(G62="","",VLOOKUP(G62,$B$4:$C$29,2,)) | L62: =H62 | M62: =G62 -> 0 | N62: Average Paddler Weight | Q62: =SUM(O48:O57,L48:L57)/20 -> 0 | S62: Aim for weight under 5 kg | W62: Aim for range of - 15 kg to -25 kg
H63: =IF(G63="","",VLOOKUP(G63,$B$4:$C$29,2,)) | L63: =H63 | M63: =G63 -> 0 | N63: Total Load | Q63: =SUM(Q61,T58,T47,650) -> #VALUE!
H64: =IF(G64="","",VLOOKUP(G64,$B$4:$C$29,2,)) | L64: =H64 | M64: =G64 -> 0 | N64: Total Load per Paddler | Q64: =SUM(Q61,T58,T47,650)/20 -> #VALUE!

Sheet Prem Women
G2: Enter names into the blue zones only - match the names from the "Name" column
A3: No | B3: Name | C3: Weight | D3: Prem Women
A4: 1 | B4: =IF(Allocation!I3="","",VLOOKUP(A4,Allocation!$A$2:$I$47,3)) -> Mary-Alice | C4: =IF(B4="","",VLOOKUP(A4,Allocation!$A$2:$I$47,4,)) -> 70 | D4: =IF(B4="","",VLOOKUP(A4,Allocation!$A$2:$I$47,9,)) -> 2 | F4: Heat 1
A5: 2 | B5: =IF(Allocation!I4="","",VLOOKUP(A5,Allocation!$A$2:$I$47,3)) -> Amanda D | C5: =IF(B5="","",VLOOKUP(A5,Allocation!$A$2:$I$47,4,)) -> 70 | D5: =IF(B5="","",VLOOKUP(A5,Allocation!$A$2:$I$47,9,)) -> 3 | G5: Alice S | H5: =IF(G5="","",VLOOKUP(G5,$B$4:$C$48,2,)) -> 47 | L5: Kg's | M5: Left | N5: Right | O5: Kg's | T5: =H5+14 -> 61 | U5: 6 | V5: =(U5)/6 -> 1 | W5: =V5*T5 -> 61
A6: 3 | B6: =IF(Allocation!I5="","",VLOOKUP(A6,Allocation!$A$2:$I$47,3)) -> Amanda F | C6: =IF(B6="","",VLOOKUP(A6,Allocation!$A$2:$I$47,4,)) -> 75 | D6: =IF(B6="","",VLOOKUP(A6,Allocation!$A$2:$I$47,9,)) -> 3 | F6: =IF(G6="","",VLOOKUP(G6,$B$4:$C$48,2,)) -> 70 | G6: Amanda D | H6: Deb H | I6: =IF(H6="","",VLOOKUP(H6,$B$4:$C$48,2,)) -> 64 | K6: 1 | L6: =F6 -> 70 | M6: =G6 -> Amanda D | N6: =H6 -> Deb H | O6: =I6 -> 64 | P6: =O6-L6 -> -6 | Q6: 300 | R6: =Q6/350 -> 0.85714286 | S6: =P6*R6 -> -5.1428571 | T6: =L6+O6 -> 134 | U6: 4.5 | V6: =(U6)/6 -> 0.75 | W6: =V6*T6 -> 100.5
A7: 4 | B7: =IF(Allocation!I6="","",VLOOKUP(A7,Allocation!$A$2:$I$47,3)) -> Helen F | C7: =IF(B7="","",VLOOKUP(A7,Allocation!$A$2:$I$47,4,)) -> 55 | D7: =IF(B7="","",VLOOKUP(A7,Allocation!$A$2:$I$47,9,)) -> 3 | F7: =IF(G7="","",VLOOKUP(G7,$B$4:$C$48,2,)) -> 58 | G7: Victoria H | H7: Lianna C | I7: =IF(H7="","",VLOOKUP(H7,$B$4:$C$48,2,)) -> 71 | K7: 2 | L7: =F7 -> 58 | M7: =G7 -> Victoria H | N7: =H7 -> Lianna C | O7: =I7 -> 71 | P7: =O7-L7 -> 13 | Q7: 330 | R7: =Q7/350 -> 0.94285714 | S7: =P7*R7 -> 12.257143 | T7: =L7+O7 -> 129 | U7: 3.5 | V7: =(U7)/6 -> 0.58333333 | W7: =V7*T7 -> 75.25
A8: 5 | B8: =IF(Allocation!I7="","",VLOOKUP(A8,Allocation!$A$2:$I$47,3)) -> Victoria H | C8: =IF(B8="","",VLOOKUP(A8,Allocation!$A$2:$I$47,4,)) -> 58 | D8: =IF(B8="","",VLOOKUP(A8,Allocation!$A$2:$I$47,9,)) -> 3 | F8: =IF(G8="","",VLOOKUP(G8,$B$4:$C$48,2,)) -> 52 | G8: Miu | H8: Alison M | I8: =IF(H8="","",VLOOKUP(H8,$B$4:$C$48,2,)) -> 74 | K8: 3 | L8: =F8 -> 52 | M8: =G8 -> Miu | N8: =H8 -> Alison M | O8: =I8 -> 74 | P8: =O8-L8 -> 22 | Q8: 350 | R8: =Q8/350 -> 1 | S8: =P8*R8 -> 22 | T8: =L8+O8 -> 126 | U8: 2.5 | V8: =(U8)/6 -> 0.41666667 | W8: =V8*T8 -> 52.5
A9: 6 | B9: =IF(Allocation!I8="","",VLOOKUP(A9,Allocation!$A$2:$I$47,3)) -> Bibiana A | C9: =IF(B9="","",VLOOKUP(A9,Allocation!$A$2:$I$47,4,)) -> 75 | D9: =IF(B9="","",VLOOKUP(A9,Allocation!$A$2:$I$47,9,)) -> 3 | F9: =IF(G9="","",VLOOKUP(G9,$B$4:$C$48,2,)) -> 55 | G9: Helen F | H9: Sue T | I9: =IF(H9="","",VLOOKUP(H9,$B$4:$C$48,2,)) -> 63 | K9: 4 | L9: =F9 -> 55 | M9: =G9 -> Helen F | N9: =H9 -> Sue T | O9: =I9 -> 63 | P9: =O9-L9 -> 8 | Q9: 350 | R9: =Q9/350 -> 1 | S9: =P9*R9 -> 8 | T9: =L9+O9 -> 118 | U9: 1.5 | V9: =(U9)/6 -> 0.25 | W9: =V9*T9 -> 29.5
A10: 7 | B10: =IF(Allocation!I9="","",VLOOKUP(A10,Allocation!$A$2:$I$47,3)) -> Deb H | C10: =IF(B10="","",VLOOKUP(A10,Allocation!$A$2:$I$47,4,)) -> 64 | D10: =IF(B10="","",VLOOKUP(A10,Allocation!$A$2:$I$47,9,)) -> 3 | F10: =IF(G10="","",VLOOKUP(G10,$B$4:$C$48,2,)) -> 58 | G10: Jocelyn K | H10: Rohini | I10: =IF(H10="","",VLOOKUP(H10,$B$4:$C$48,2,)) -> 70 | K10: 5 | L10: =F10 -> 58 | M10: =G10 -> Jocelyn K | N10: =H10 -> Rohini | O10: =I10 -> 70 | P10: =O10-L10 -> 12 | Q10: 350 | R10: =Q10/350 -> 1 | S10: =P10*R10 -> 12 | T10: =L10+O10 -> 128 | U10: 0.5 | V10: =(U10)/6 -> 0.083333333 | W10: =V10*T10 -> 10.666667
A11: 8 | B11: =IF(Allocation!I10="","",VLOOKUP(A11,Allocation!$A$2:$I$47,3)) -> Amy | C11: =IF(B11="","",VLOOKUP(A11,Allocation!$A$2:$I$47,4,)) -> 65 | D11: =IF(B11="","",VLOOKUP(A11,Allocation!$A$2:$I$47,9,)) -> 3 | F11: =IF(G11="","",VLOOKUP(G11,$B$4:$C$48,2,)) -> 73 | G11: Leah H | H11: Anne-Marie | I11: =IF(H11="","",VLOOKUP(H11,$B$4:$C$48,2,)) -> 67 | K11: 6 | L11: =F11 -> 73 | M11: =G11 -> Leah H | N11: =H11 -> Anne-Marie | O11: =I11 -> 67 | P11: =O11-L11 -> -6 | Q11: 350 | R11: =Q11/350 -> 1 | S11: =P11*R11 -> -6 | T11: =L11+O11 -> 140 | U11: -0.5 | V11: =(U11)/6 -> -0.083333333 | W11: =V11*T11 -> -11.666667
A12: 9 | B12: =IF(Allocation!I11="","",VLOOKUP(A12,Allocation!$A$2:$I$47,3)) -> Jocelyn K | C12: =IF(B12="","",VLOOKUP(A12,Allocation!$A$2:$I$47,4,)) -> 58 | D12: =IF(B12="","",VLOOKUP(A12,Allocation!$A$2:$I$47,9,)) -> 3 | F12: =IF(G12="","",VLOOKUP(G12,$B$4:$C$48,2,)) -> 74 | G12: Janet A | H12: Mary-Alice | I12: =IF(H12="","",VLOOKUP(H12,$B$4:$C$48,2,)) -> 70 | K12: 7 | L12: =F12 -> 74 | M12: =G12 -> Janet A | N12: =H12 -> Mary-Alice | O12: =I12 -> 70 | P12: =O12-L12 -> -4 | Q12: 350 | R12: =Q12/350 -> 1 | S12: =P12*R12 -> -4 | T12: =L12+O12 -> 144 | U12: -1.5 | V12: =(U12)/6 -> -0.25 | W12: =V12*T12 -> -36
A13: 10 | B13: =IF(Allocation!I12="","",VLOOKUP(A13,Allocation!$A$2:$I$47,3)) -> Alison M | C13: =IF(B13="","",VLOOKUP(A13,Allocation!$A$2:$I$47,4,)) -> 74 | D13: =IF(B13="","",VLOOKUP(A13,Allocation!$A$2:$I$47,9,)) -> 3 | F13: =IF(G13="","",VLOOKUP(G13,$B$4:$C$48,2,)) -> 75 | G13: Amanda F | H13: Bibiana A | I13: =IF(H13="","",VLOOKUP(H13,$B$4:$C$48,2,)) -> 75 | K13: 8 | L13: =F13 -> 75 | M13: =G13 -> Amanda F | N13: =H13 -> Bibiana A | O13: =I13 -> 75 | P13: =O13-L13 -> 0 | Q13: 350 | R13: =Q13/350 -> 1 | S13: =P13*R13 -> 0 | T13: =L13+O13 -> 150 | U13: -2.5 | V13: =(U13)/6 -> -0.41666667 | W13: =V13*T13 -> -62.5
A14: 11 | B14: =IF(Allocation!I13="","",VLOOKUP(A14,Allocation!$A$2:$I$47,3)) -> Janet A | C14: =IF(B14="","",VLOOKUP(A14,Allocation!$A$2:$I$47,4,)) -> 74 | D14: =IF(B14="","",VLOOKUP(A14,Allocation!$A$2:$I$47,9,)) -> 2 | F14: =IF(G14="","",VLOOKUP(G14,$B$4:$C$48,2,)) -> 85 | G14: Rachael H | H14: Divina | I14: =IF(H14="","",VLOOKUP(H14,$B$4:$C$48,2,)) -> 54 | K14: 9 | L14: =F14 -> 85 | M14: =G14 -> Rachael H | N14: =H14 -> Divina | O14: =I14 -> 54 | P14: =O14-L14 -> -31 | Q14: 330 | R14: =Q14/350 -> 0.94285714 | S14: =P14*R14 -> -29.228571 | T14: =L14+O14 -> 139 | U14: -3.5 | V14: =(U14)/6 -> -0.58333333 | W14: =V14*T14 -> -81.083333
A15: 12 | B15: =IF(Allocation!I14="","",VLOOKUP(A15,Allocation!$A$2:$I$47,3)) -> S-J | C15: =IF(B15="","",VLOOKUP(A15,Allocation!$A$2:$I$47,4,)) -> 62 | D15: =IF(B15="","",VLOOKUP(A15,Allocation!$A$2:$I$47,9,)) -> Sweep | F15: =IF(G15="","",VLOOKUP(G15,$B$4:$C$48,2,)) -> 65 | G15: Amy | H15: Alice C | I15: =IF(H15="","",VLOOKUP(H15,$B$4:$C$48,2,)) -> 58 | K15: 10 | L15: =F15 -> 65 | M15: =G15 -> Amy | N15: =H15 -> Alice C | O15: =I15 -> 58 | P15: =O15-L15 -> -7 | Q15: 300 | R15: =Q15/350 -> 0.85714286 | S15: =P15*R15 -> -6 | T15: =L15+O15 -> 123 | U15: -4.5 | V15: =(U15)/6 -> -0.75 | W15: =V15*T15 -> -92.25
A16: 13 | B16: =IF(Allocation!I15="","",VLOOKUP(A16,Allocation!$A$2:$I$47,3)) -> Sue T | C16: =IF(B16="","",VLOOKUP(A16,Allocation!$A$2:$I$47,4,)) -> 63 | D16: =IF(B16="","",VLOOKUP(A16,Allocation!$A$2:$I$47,9,)) -> 3 | G16: S-J | H16: =IF(G16="","",VLOOKUP(G16,$B$4:$C$48,2,)) -> 62 | L16: 3 | P16: =O16-L16 -> -3 | Q16: 420 | R16: =Q16/350 -> 1.2 | S16: =P16*R16 -> -3.6 | T16: =H16+7 -> 69 | U16: -6 | V16: =(U16)/6 -> -1 | W16: =V16*T16 -> -69
A17: 14 | B17: =IF(Allocation!I16="","",VLOOKUP(A17,Allocation!$A$2:$I$47,3)) -> Divina | C17: =IF(B17="","",VLOOKUP(A17,Allocation!$A$2:$I$47,4,)) -> 54 | D17: =IF(B17="","",VLOOKUP(A17,Allocation!$A$2:$I$47,9,)) -> 3 | L17: =SUM(L6:L16) -> 668 | O17: =SUM(O6:O16) -> 666 | S17: =SUM(S6:S16) -> 0.28571429 | W17: =SUM(W5:W16) -> -23.083333
A18: 15 | B18: =IF(Allocation!I17="","",VLOOKUP(A18,Allocation!$A$2:$I$47,3)) -> Alice C | C18: =IF(B18="","",VLOOKUP(A18,Allocation!$A$2:$I$47,4,)) -> 58 | D18: =IF(B18="","",VLOOKUP(A18,Allocation!$A$2:$I$47,9,)) -> 3 | F18: Reserves: | L18: Res. | O18: 87 | S18: left-right | W18: back-front
A19: 16 | B19: =IF(Allocation!I18="","",VLOOKUP(A19,Allocation!$A$2:$I$47,3)) -> Miu | C19: =IF(B19="","",VLOOKUP(A19,Allocation!$A$2:$I$47,4,)) -> 52 | D19: =IF(B19="","",VLOOKUP(A19,Allocation!$A$2:$I$47,9,)) -> 3 | G19: Liz Mc | H19: =IF(G19="","",VLOOKUP(G19,$B$4:$C$29,2,)) -> 64 | L19: =H19 -> 64 | M19: =G19 -> Liz Mc | N19: Total Paddlers Weight | Q19: =SUM(O6:O15,L6:L15) -> 1331 | S19: balance | W19: balance
A20: 17 | B20: =IF(Allocation!I19="","",VLOOKUP(A20,Allocation!$A$2:$I$47,3)) -> Anne-Marie | C20: =IF(B20="","",VLOOKUP(A20,Allocation!$A$2:$I$47,4,)) -> 67 | D20: =IF(B20="","",VLOOKUP(A20,Allocation!$A$2:$I$47,9,)) -> 3 | H20: =IF(G20="","",VLOOKUP(G20,$B$4:$C$29,2,)) | L20: =H20 | M20: =G20 -> 0 | N20: Average Paddler Weight | Q20: =SUM(O6:O15,L6:L15)/20 -> 66.55 | S20: Aim for weight under 5 kg | W20: Aim for range of - 15 kg to -25 kg
A21: 18 | B21: =IF(Allocation!I20="","",VLOOKUP(A21,Allocation!$A$2:$I$47,3)) -> Leah H | C21: =IF(B21="","",VLOOKUP(A21,Allocation!$A$2:$I$47,4,)) -> 73 | D21: =IF(B21="","",VLOOKUP(A21,Allocation!$A$2:$I$47,9,)) -> 3 | H21: =IF(G21="","",VLOOKUP(G21,$B$4:$C$29,2,)) | L21: =H21 | M21: =G21 -> 0 | N21: Total Load | Q21: =SUM(Q19,T16,T5,650) -> 2111
A22: 19 | B22: =IF(Allocation!I21="","",VLOOKUP(A22,Allocation!$A$2:$I$47,3)) -> Rachael H | C22: =IF(B22="","",VLOOKUP(A22,Allocation!$A$2:$I$47,4,)) -> 85 | D22: =IF(B22="","",VLOOKUP(A22,Allocation!$A$2:$I$47,9,)) -> 2 | H22: =IF(G22="","",VLOOKUP(G22,$B$4:$C$29,2,)) | L22: =H22 | M22: =G22 -> 0 | N22: Total Load per Paddler | Q22: =SUM(Q19,T16,T5,650)/20 -> 105.55
A23: 20 | B23: =IF(Allocation!I22="","",VLOOKUP(A23,Allocation!$A$2:$I$47,3)) -> Liz Mc | C23: =IF(B23="","",VLOOKUP(A23,Allocation!$A$2:$I$47,4,)) -> 64 | D23: =IF(B23="","",VLOOKUP(A23,Allocation!$A$2:$I$47,9,)) -> 3
A24: 21 | B24: =IF(Allocation!I23="","",VLOOKUP(A24,Allocation!$A$2:$I$47,3)) -> Rohini | C24: =IF(B24="","",VLOOKUP(A24,Allocation!$A$2:$I$47,4,)) -> 70 | D24: =IF(B24="","",VLOOKUP(A24,Allocation!$A$2:$I$47,9,)) -> 3
A25: 22 | B25: =IF(Allocation!I24="","",VLOOKUP(A25,Allocation!$A$2:$I$47,3)) -> Alice S | C25: =IF(B25="","",VLOOKUP(A25,Allocation!$A$2:$I$47,4,)) -> 47 | D25: =IF(B25="","",VLOOKUP(A25,Allocation!$A$2:$I$47,9,)) -> Drum | F25: Heat 2
A26: 23 | B26: =IF(Allocation!I25="","",VLOOKUP(A26,Allocation!$A$2:$I$47,3)) -> Lianna C | C26: =IF(B26="","",VLOOKUP(A26,Allocation!$A$2:$I$47,4,)) -> 71 | D26: =IF(B26="","",VLOOKUP(A26,Allocation!$A$2:$I$47,9,)) -> 3 | G26: Alice S | H26: =IF(G26="","",VLOOKUP(G26,$B$4:$C$48,2,)) -> 47 | L26: Kg's | M26: Left | N26: Right | O26: Kg's | T26: =H26+14 -> 61 | U26: 6 | V26: =(U26)/6 -> 1 | W26: =V26*T26 -> 61
A27: 24 | B27: =IF(Allocation!I26="","",VLOOKUP(A27,Allocation!$A$2:$I$47,3)) | C27: =IF(B27="","",VLOOKUP(A27,Allocation!$A$2:$I$47,4,)) | D27: =IF(B27="","",VLOOKUP(A27,Allocation!$A$2:$I$47,9,)) | F27: =IF(G27="","",VLOOKUP(G27,$B$4:$C$48,2,)) -> 64 | G27: Deb H | H27: Amanda D | I27: =IF(H27="","",VLOOKUP(H27,$B$4:$C$48,2,)) -> 70 | K27: 1 | L27: =F27 -> 64 | M27: =G27 -> Deb H | N27: =H27 -> Amanda D | O27: =I27 -> 70 | P27: =O27-L27 -> 6 | Q27: 300 | R27: =Q27/350 -> 0.85714286 | S27: =P27*R27 -> 5.1428571 | T27: =L27+O27 -> 134 | U27: 4.5 | V27: =(U27)/6 -> 0.75 | W27: =V27*T27 -> 100.5
A28: 25 | B28: =IF(Allocation!I27="","",VLOOKUP(A28,Allocation!$A$2:$I$47,3)) | C28: =IF(B28="","",VLOOKUP(A28,Allocation!$A$2:$I$47,4,)) | D28: =IF(B28="","",VLOOKUP(A28,Allocation!$A$2:$I$47,9,)) | F28: =IF(G28="","",VLOOKUP(G28,$B$4:$C$48,2,)) -> 58 | G28: Victoria H | H28: Lianna C | I28: =IF(H28="","",VLOOKUP(H28,$B$4:$C$29,2,)) -> 71 | K28: 2 | L28: =F28 -> 58 | M28: =G28 -> Victoria H | N28: =H28 -> Lianna C | O28: =I28 -> 71 | P28: =O28-L28 -> 13 | Q28: 330 | R28: =Q28/350 -> 0.94285714 | S28: =P28*R28 -> 12.257143 | T28: =L28+O28 -> 129 | U28: 3.5 | V28: =(U28)/6 -> 0.58333333 | W28: =V28*T28 -> 75.25
A29: 26 | B29: =IF(Allocation!I28="","",VLOOKUP(A29,Allocation!$A$2:$I$47,3)) | C29: =IF(B29="","",VLOOKUP(A29,Allocation!$A$2:$I$47,4,)) | D29: =IF(B29="","",VLOOKUP(A29,Allocation!$A$2:$I$47,9,)) | F29: =IF(G29="","",VLOOKUP(G29,$B$4:$C$48,2,)) -> 74 | G29: Alison M | H29: Miu | I29: =IF(H29="","",VLOOKUP(H29,$B$4:$C$29,2,)) -> 52 | K29: 3 | L29: =F29 -> 74 | M29: =G29 -> Alison M | N29: =H29 -> Miu | O29: =I29 -> 52 | P29: =O29-L29 -> -22 | Q29: 350 | R29: =Q29/350 -> 1 | S29: =P29*R29 -> -22 | T29: =L29+O29 -> 126 | U29: 2.5 | V29: =(U29)/6 -> 0.41666667 | W29: =V29*T29 -> 52.5
A30: 27 | B30: =IF(Allocation!I29="","",VLOOKUP(A30,Allocation!$A$2:$I$47,3)) | C30: =IF(B30="","",VLOOKUP(A30,Allocation!$A$2:$I$47,4,)) | D30: =IF(B30="","",VLOOKUP(A30,Allocation!$A$2:$I$47,9,)) | F30: =IF(G30="","",VLOOKUP(G30,$B$4:$C$48,2,)) -> 63 | G30: Sue T | H30: Helen F | I30: =IF(H30="","",VLOOKUP(H30,$B$4:$C$29,2,)) -> 55 | K30: 4 | L30: =F30 -> 63 | M30: =G30 -> Sue T | N30: =H30 -> Helen F | O30: =I30 -> 55 | P30: =O30-L30 -> -8 | Q30: 350 | R30: =Q30/350 -> 1 | S30: =P30*R30 -> -8 | T30: =L30+O30 -> 118 | U30: 1.5 | V30: =(U30)/6 -> 0.25 | W30: =V30*T30 -> 29.5
A31: 28 | B31: =IF(Allocation!I30="","",VLOOKUP(A31,Allocation!$A$2:$I$47,3)) | C31: =IF(B31="","",VLOOKUP(A31,Allocation!$A$2:$I$47,4,)) | D31: =IF(B31="","",VLOOKUP(A31,Allocation!$A$2:$I$47,9,)) | F31: =IF(G31="","",VLOOKUP(G31,$B$4:$C$48,2,)) -> 70 | G31: Rohini | H31: Jocelyn K | I31: =IF(H31="","",VLOOKUP(H31,$B$4:$C$29,2,)) -> 58 | K31: 5 | L31: =F31 -> 70 | M31: =G31 -> Rohini | N31: =H31 -> Jocelyn K | O31: =I31 -> 58 | P31: =O31-L31 -> -12 | Q31: 350 | R31: =Q31/350 -> 1 | S31: =P31*R31 -> -12 | T31: =L31+O31 -> 128 | U31: 0.5 | V31: =(U31)/6 -> 0.083333333 | W31: =V31*T31 -> 10.666667
A32: 29 | B32: =IF(Allocation!I31="","",VLOOKUP(A32,Allocation!$A$2:$I$47,3)) | C32: =IF(B32="","",VLOOKUP(A32,Allocation!$A$2:$I$47,4,)) | D32: =IF(B32="","",VLOOKUP(A32,Allocation!$A$2:$I$47,9,)) | F32: =IF(G32="","",VLOOKUP(G32,$B$4:$C$48,2,)) -> 67 | G32: Anne-Marie | H32: Leah H | I32: =IF(H32="","",VLOOKUP(H32,$B$4:$C$29,2,)) -> 73 | K32: 6 | L32: =F32 -> 67 | M32: =G32 -> Anne-Marie | N32: =H32 -> Leah H | O32: =I32 -> 73 | P32: =O32-L32 -> 6 | Q32: 350 | R32: =Q32/350 -> 1 | S32: =P32*R32 -> 6 | T32: =L32+O32 -> 140 | U32: -0.5 | V32: =(U32)/6 -> -0.083333333 | W32: =V32*T32 -> -11.666667
A33: 30 | B33: =IF(Allocation!I32="","",VLOOKUP(A33,Allocation!$A$2:$I$47,3)) | C33: =IF(B33="","",VLOOKUP(A33,Allocation!$A$2:$I$47,4,)) | D33: =IF(B33="","",VLOOKUP(A33,Allocation!$A$2:$I$47,9,)) | F33: =IF(G33="","",VLOOKUP(G33,$B$4:$C$48,2,)) -> 74 | G33: Janet A | H33: Liz Mc | I33: =IF(H33="","",VLOOKUP(H33,$B$4:$C$29,2,)) -> 64 | K33: 7 | L33: =F33 -> 74 | M33: =G33 -> Janet A | N33: =H33 -> Liz Mc | O33: =I33 -> 64 | P33: =O33-L33 -> -10 | Q33: 350 | R33: =Q33/350 -> 1 | S33: =P33*R33 -> -10 | T33: =L33+O33 -> 138 | U33: -1.5 | V33: =(U33)/6 -> -0.25 | W33: =V33*T33 -> -34.5
A34: 31 | B34: =IF(Allocation!I33="","",VLOOKUP(A34,Allocation!$A$2:$I$47,3)) | C34: =IF(B34="","",VLOOKUP(A34,Allocation!$A$2:$I$47,4,)) | D34: =IF(B34="","",VLOOKUP(A34,Allocation!$A$2:$I$47,9,)) | F34: =IF(G34="","",VLOOKUP(G34,$B$4:$C$48,2,)) -> 75 | G34: Bibiana A | H34: Amanda F | I34: =IF(H34="","",VLOOKUP(H34,$B$4:$C$29,2,)) -> 75 | K34: 8 | L34: =F34 -> 75 | M34: =G34 -> Bibiana A | N34: =H34 -> Amanda F | O34: =I34 -> 75 | P34: =O34-L34 -> 0 | Q34: 350 | R34: =Q34/350 -> 1 | S34: =P34*R34 -> 0 | T34: =L34+O34 -> 150 | U34: -2.5 | V34: =(U34)/6 -> -0.41666667 | W34: =V34*T34 -> -62.5
A35: 32 | B35: =IF(Allocation!I34="","",VLOOKUP(A35,Allocation!$A$2:$I$47,3)) | C35: =IF(B35="","",VLOOKUP(A35,Allocation!$A$2:$I$47,4,)) | D35: =IF(B35="","",VLOOKUP(A35,Allocation!$A$2:$I$47,9,)) | F35: =IF(G35="","",VLOOKUP(G35,$B$4:$C$48,2,)) -> 54 | G35: Divina | H35: Rachael H | I35: =IF(H35="","",VLOOKUP(H35,$B$4:$C$29,2,)) -> 85 | K35: 9 | L35: =F35 -> 54 | M35: =G35 -> Divina | N35: =H35 -> Rachael H | O35: =I35 -> 85 | P35: =O35-L35 -> 31 | Q35: 330 | R35: =Q35/350 -> 0.94285714 | S35: =P35*R35 -> 29.228571 | T35: =L35+O35 -> 139 | U35: -3.5 | V35: =(U35)/6 -> -0.58333333 | W35: =V35*T35 -> -81.083333
A36: 33 | B36: =IF(Allocation!I35="","",VLOOKUP(A36,Allocation!$A$2:$I$47,3)) | C36: =IF(B36="","",VLOOKUP(A36,Allocation!$A$2:$I$47,4,)) | D36: =IF(B36="","",VLOOKUP(A36,Allocation!$A$2:$I$47,9,)) | F36: =IF(G36="","",VLOOKUP(G36,$B$4:$C$48,2,)) -> 58 | G36: Alice C | H36: Amy | I36: =IF(H36="","",VLOOKUP(H36,$B$4:$C$29,2,)) -> 65 | K36: 10 | L36: =F36 -> 58 | M36: =G36 -> Alice C | N36: =H36 -> Amy | O36: =I36 -> 65 | P36: =O36-L36 -> 7 | Q36: 300 | R36: =Q36/350 -> 0.85714286 | S36: =P36*R36 -> 6 | T36: =L36+O36 -> 123 | U36: -4.5 | V36: =(U36)/6 -> -0.75 | W36: =V36*T36 -> -92.25
A37: 34 | B37: =IF(Allocation!I36="","",VLOOKUP(A37,Allocation!$A$2:$I$47,3)) | C37: =IF(B37="","",VLOOKUP(A37,Allocation!$A$2:$I$47,4,)) | D37: =IF(B37="","",VLOOKUP(A37,Allocation!$A$2:$I$47,9,)) | G37: S-J | H37: =IF(G37="","",VLOOKUP(G37,$B$4:$C$48,2,)) -> 62 | L37: 3 | P37: =O37-L37 -> -3 | Q37: 420 | R37: =Q37/350 -> 1.2 | S37: =P37*R37 -> -3.6 | T37: =H37+7 -> 69 | U37: -6 | V37: =(U37)/6 -> -1 | W37: =V37*T37 -> -69
A38: 35 | B38: =IF(Allocation!I37="","",VLOOKUP(A38,Allocation!$A$2:$I$47,3)) | C38: =IF(B38="","",VLOOKUP(A38,Allocation!$A$2:$I$47,4,)) | D38: =IF(B38="","",VLOOKUP(A38,Allocation!$A$2:$I$47,9,)) | L38: =SUM(L27:L37) -> 660 | O38: =SUM(O27:O37) -> 668 | S38: =SUM(S27:S37) -> 3.0285714 | W38: =SUM(W26:W37) -> -21.583333
A39: 36 | B39: =IF(Allocation!I38="","",VLOOKUP(A39,Allocation!$A$2:$I$47,3)) | C39: =IF(B39="","",VLOOKUP(A39,Allocation!$A$2:$I$47,4,)) | D39: =IF(B39="","",VLOOKUP(A39,Allocation!$A$2:$I$47,9,)) | F39: Reserves: | L39: Res. | O39: 87 | S39: left-right | W39: back-front
A40: 37 | B40: =IF(Allocation!I39="","",VLOOKUP(A40,Allocation!$A$2:$I$47,3)) | C40: =IF(B40="","",VLOOKUP(A40,Allocation!$A$2:$I$47,4,)) | D40: =IF(B40="","",VLOOKUP(A40,Allocation!$A$2:$I$47,9,)) | G40: Mary-Alice | H40: =IF(G40="","",VLOOKUP(G40,$B$4:$C$29,2,)) -> 70 | L40: =H40 -> 70 | M40: =G40 -> Mary-Alice | N40: Total Paddlers Weight | Q40: =SUM(O27:O36,L27:L36) -> 1325 | S40: balance | W40: balance
A41: 38 | B41: =IF(Allocation!I40="","",VLOOKUP(A41,Allocation!$A$2:$I$47,3)) | C41: =IF(B41="","",VLOOKUP(A41,Allocation!$A$2:$I$47,4,)) | D41: =IF(B41="","",VLOOKUP(A41,Allocation!$A$2:$I$47,9,)) | H41: =IF(G41="","",VLOOKUP(G41,$B$4:$C$29,2,)) | L41: =H41 | M41: =G41 -> 0 | N41: Average Paddler Weight | Q41: =SUM(O27:O36,L27:L36)/20 -> 66.25 | S41: Aim for weight under 5 kg | W41: Aim for range of - 15 kg to -25 kg
A42: 39 | B42: =IF(Allocation!I41="","",VLOOKUP(A42,Allocation!$A$2:$I$47,3)) | C42: =IF(B42="","",VLOOKUP(A42,Allocation!$A$2:$I$47,4,)) | D42: =IF(B42="","",VLOOKUP(A42,Allocation!$A$2:$I$47,9,)) | H42: =IF(G42="","",VLOOKUP(G42,$B$4:$C$29,2,)) | L42: =H42 | M42: =G42 -> 0 | N42: Total Load | Q42: =SUM(Q40,T37,T26,650) -> 2105
A43: 40 | B43: =IF(Allocation!I42="","",VLOOKUP(A43,Allocation!$A$2:$I$47,3)) | C43: =IF(B43="","",VLOOKUP(A43,Allocation!$A$2:$I$47,4,)) | D43: =IF(B43="","",VLOOKUP(A43,Allocation!$A$2:$I$47,9,)) | H43: =IF(G43="","",VLOOKUP(G43,$B$4:$C$29,2,)) | L43: =H43 | M43: =G43 -> 0 | N43: Total Load per Paddler | Q43: =SUM(Q40,T37,T26,650)/20 -> 105.25
A44: 41 | B44: =IF(Allocation!I43="","",VLOOKUP(A44,Allocation!$A$2:$I$47,3)) | C44: =IF(B44="","",VLOOKUP(A44,Allocation!$A$2:$I$47,4,)) | D44: =IF(B44="","",VLOOKUP(A44,Allocation!$A$2:$I$47,9,))
A45: 42 | B45: =IF(Allocation!I44="","",VLOOKUP(A45,Allocation!$A$2:$I$47,3)) | C45: =IF(B45="","",VLOOKUP(A45,Allocation!$A$2:$I$47,4,)) | D45: =IF(B45="","",VLOOKUP(A45,Allocation!$A$2:$I$47,9,))
A46: 43 | B46: =IF(Allocation!I45="","",VLOOKUP(A46,Allocation!$A$2:$I$47,3)) | C46: =IF(B46="","",VLOOKUP(A46,Allocation!$A$2:$I$47,4,)) | D46: =IF(B46="","",VLOOKUP(A46,Allocation!$A$2:$I$47,9,)) | F46: Final
A47: 44 | B47: =IF(Allocation!I46="","",VLOOKUP(A47,Allocation!$A$2:$I$47,3)) | C47: =IF(B47="","",VLOOKUP(A47,Allocation!$A$2:$I$47,4,)) | D47: =IF(B47="","",VLOOKUP(A47,Allocation!$A$2:$I$47,9,)) | H47: =IF(G47="","",VLOOKUP(G47,$B$4:$C$48,2,)) | L47: Kg's | M47: Left | N47: Right | O47: Kg's | T47: =H47+14 -> #VALUE! | U47: 6 | V47: =(U47)/6 -> 1 | W47: =V47*T47 -> #VALUE!
A48: 45 | B48: =IF(Allocation!I47="","",VLOOKUP(A48,Allocation!$A$2:$I$47,3)) | C48: =IF(B48="","",VLOOKUP(A48,Allocation!$A$2:$I$47,4,)) | D48: =IF(B48="","",VLOOKUP(A48,Allocation!$A$2:$I$47,9,)) | F48: =IF(G48="","",VLOOKUP(G48,$B$4:$C$48,2,)) | I48: =IF(H48="","",VLOOKUP(H48,$B$4:$C$48,2,)) | K48: 1 | L48: =F48 | M48: =G48 -> 0 | N48: =H48 -> 0 | O48: =I48 | P48: =O48-L48 -> #VALUE! | Q48: 300 | R48: =Q48/350 -> 0.85714286 | S48: =P48*R48 -> #VALUE! | T48: =L48+O48 -> #VALUE! | U48: 4.5 | V48: =(U48)/6 -> 0.75 | W48: =V48*T48 -> #VALUE!
F49: =IF(G49="","",VLOOKUP(G49,$B$4:$C$48,2,)) | I49: =IF(H49="","",VLOOKUP(H49,$B$4:$C$29,2,)) | K49: 2 | L49: =F49 | M49: =G49 -> 0 | N49: =H49 -> 0 | O49: =I49 | P49: =O49-L49 -> #VALUE! | Q49: 330 | R49: =Q49/350 -> 0.94285714 | S49: =P49*R49 -> #VALUE! | T49: =L49+O49 -> #VALUE! | U49: 3.5 | V49: =(U49)/6 -> 0.58333333 | W49: =V49*T49 -> #VALUE!
F50: =IF(G50="","",VLOOKUP(G50,$B$4:$C$48,2,)) | I50: =IF(H50="","",VLOOKUP(H50,$B$4:$C$29,2,)) | K50: 3 | L50: =F50 | M50: =G50 -> 0 | N50: =H50 -> 0 | O50: =I50 | P50: =O50-L50 -> #VALUE! | Q50: 350 | R50: =Q50/350 -> 1 | S50: =P50*R50 -> #VALUE! | T50: =L50+O50 -> #VALUE! | U50: 2.5 | V50: =(U50)/6 -> 0.41666667 | W50: =V50*T50 -> #VALUE!
F51: =IF(G51="","",VLOOKUP(G51,$B$4:$C$48,2,)) | I51: =IF(H51="","",VLOOKUP(H51,$B$4:$C$29,2,)) | K51: 4 | L51: =F51 | M51: =G51 -> 0 | N51: =H51 -> 0 | O51: =I51 | P51: =O51-L51 -> #VALUE! | Q51: 350 | R51: =Q51/350 -> 1 | S51: =P51*R51 -> #VALUE! | T51: =L51+O51 -> #VALUE! | U51: 1.5 | V51: =(U51)/6 -> 0.25 | W51: =V51*T51 -> #VALUE!
F52: =IF(G52="","",VLOOKUP(G52,$B$4:$C$48,2,)) | I52: =IF(H52="","",VLOOKUP(H52,$B$4:$C$29,2,)) | K52: 5 | L52: =F52 | M52: =G52 -> 0 | N52: =H52 -> 0 | O52: =I52 | P52: =O52-L52 -> #VALUE! | Q52: 350 | R52: =Q52/350 -> 1 | S52: =P52*R52 -> #VALUE! | T52: =L52+O52 -> #VALUE! | U52: 0.5 | V52: =(U52)/6 -> 0.083333333 | W52: =V52*T52 -> #VALUE!
F53: =IF(G53="","",VLOOKUP(G53,$B$4:$C$48,2,)) | I53: =IF(H53="","",VLOOKUP(H53,$B$4:$C$29,2,)) | K53: 6 | L53: =F53 | M53: =G53 -> 0 | N53: =H53 -> 0 | O53: =I53 | P53: =O53-L53 -> #VALUE! | Q53: 350 | R53: =Q53/350 -> 1 | S53: =P53*R53 -> #VALUE! | T53: =L53+O53 -> #VALUE! | U53: -0.5 | V53: =(U53)/6 -> -0.083333333 | W53: =V53*T53 -> #VALUE!
F54: =IF(G54="","",VLOOKUP(G54,$B$4:$C$48,2,)) | I54: =IF(H54="","",VLOOKUP(H54,$B$4:$C$29,2,)) | K54: 7 | L54: =F54 | M54: =G54 -> 0 | N54: =H54 -> 0 | O54: =I54 | P54: =O54-L54 -> #VALUE! | Q54: 350 | R54: =Q54/350 -> 1 | S54: =P54*R54 -> #VALUE! | T54: =L54+O54 -> #VALUE! | U54: -1.5 | V54: =(U54)/6 -> -0.25 | W54: =V54*T54 -> #VALUE!
F55: =IF(G55="","",VLOOKUP(G55,$B$4:$C$48,2,)) | I55: =IF(H55="","",VLOOKUP(H55,$B$4:$C$29,2,)) | K55: 8 | L55: =F55 | M55: =G55 -> 0 | N55: =H55 -> 0 | O55: =I55 | P55: =O55-L55 -> #VALUE! | Q55: 350 | R55: =Q55/350 -> 1 | S55: =P55*R55 -> #VALUE! | T55: =L55+O55 -> #VALUE! | U55: -2.5 | V55: =(U55)/6 -> -0.41666667 | W55: =V55*T55 -> #VALUE!
F56: =IF(G56="","",VLOOKUP(G56,$B$4:$C$48,2,)) | I56: =IF(H56="","",VLOOKUP(H56,$B$4:$C$29,2,)) | K56: 9 | L56: =F56 | M56: =G56 -> 0 | N56: =H56 -> 0 | O56: =I56 | P56: =O56-L56 -> #VALUE! | Q56: 330 | R56: =Q56/350 -> 0.94285714 | S56: =P56*R56 -> #VALUE! | T56: =L56+O56 -> #VALUE! | U56: -3.5 | V56: =(U56)/6 -> -0.58333333 | W56: =V56*T56 -> #VALUE!
F57: =IF(G57="","",VLOOKUP(G57,$B$4:$C$48,2,)) | I57: =IF(H57="","",VLOOKUP(H57,$B$4:$C$29,2,)) | K57: 10 | L57: =F57 | M57: =G57 -> 0 | N57: =H57 -> 0 | O57: =I57 | P57: =O57-L57 -> #VALUE! | Q57: 300 | R57: =Q57/350 -> 0.85714286 | S57: =P57*R57 -> #VALUE! | T57: =L57+O57 -> #VALUE! | U57: -4.5 | V57: =(U57)/6 -> -0.75 | W57: =V57*T57 -> #VALUE!
H58: =IF(G58="","",VLOOKUP(G58,$B$4:$C$48,2,)) | L58: 3 | P58: =O58-L58 -> -3 | Q58: 420 | R58: =Q58/350 -> 1.2 | S58: =P58*R58 -> -3.6 | T58: =H58+7 -> #VALUE! | U58: -6 | V58: =(U58)/6 -> -1 | W58: =V58*T58 -> #VALUE!
L59: =SUM(L48:L58) -> 3 | O59: =SUM(O48:O58) -> 0 | S59: =SUM(S48:S58) -> #VALUE! | W59: =SUM(W47:W58) -> #VALUE!
F60: Reserves: | L60: Res. | O60: 87 | S60: left-right | W60: back-front
H61: =IF(G61="","",VLOOKUP(G61,$B$4:$C$29,2,)) | L61: =H61 | M61: =G61 -> 0 | N61: Total Paddlers Weight | Q61: =SUM(O48:O57,L48:L57) -> 0 | S61: balance | W61: balance
H62: =IF(G62="","",VLOOKUP(G62,$B$4:$C$29,2,)) | L62: =H62 | M62: =G62 -> 0 | N62: Average Paddler Weight | Q62: =SUM(O48:O57,L48:L57)/20 -> 0 | S62: Aim for weight under 5 kg | W62: Aim for range of - 15 kg to -25 kg
H63: =IF(G63="","",VLOOKUP(G63,$B$4:$C$29,2,)) | L63: =H63 | M63: =G63 -> 0 | N63: Total Load | Q63: =SUM(Q61,T58,T47,650) -> #VALUE!
H64: =IF(G64="","",VLOOKUP(G64,$B$4:$C$29,2,)) | L64: =H64 | M64: =G64 -> 0 | N64: Total Load per Paddler | Q64: =SUM(Q61,T58,T47,650)/20 -> #VALUE!

Sheet To print
B3: =Allocation!F2 -> Prem Mix
B5: ='Prem Mix'!F4 -> Heat 1 | F5: ='Prem Mix'!F25 -> Heat 2 | J5: ='Prem Mix'!F46 -> Final
B6: Drum | C6: =IF('Prem Mix'!G5=0,"",'Prem Mix'!G5) -> Helen F | F6: Drum | G6: =IF('Prem Mix'!G26=0,"",'Prem Mix'!G26) -> Helen F | J6: Drum | K6: =IF('Prem Mix'!G47=0,"",'Prem Mix'!G47)
B7: 1 | C7: =IF('Prem Mix'!G6=0,"",'Prem Mix'!G6) -> Lianna C | D7: =IF('Prem Mix'!H6=0,"",'Prem Mix'!H6) -> Diego E | F7: 1 | G7: =IF('Prem Mix'!G27=0,"",'Prem Mix'!G27) -> Diego E | H7: =IF('Prem Mix'!H27=0,"",'Prem Mix'!H27) -> Lianna C | J7: 1 | K7: =IF('Prem Mix'!G48=0,"",'Prem Mix'!G48) | L7: =IF('Prem Mix'!H48=0,"",'Prem Mix'!H48)
B8: 2 | C8: =IF('Prem Mix'!G7=0,"",'Prem Mix'!G7) -> Deb H | D8: =IF('Prem Mix'!H7=0,"",'Prem Mix'!H7) -> Amanda D | F8: 2 | G8: =IF('Prem Mix'!G28=0,"",'Prem Mix'!G28) -> Deb H | H8: =IF('Prem Mix'!H28=0,"",'Prem Mix'!H28) -> Amanda D | J8: 2 | K8: =IF('Prem Mix'!G49=0,"",'Prem Mix'!G49) | L8: =IF('Prem Mix'!H49=0,"",'Prem Mix'!H49)
B9: 3 | C9: =IF('Prem Mix'!G8=0,"",'Prem Mix'!G8) -> Andrea M | D9: =IF('Prem Mix'!H8=0,"",'Prem Mix'!H8) -> Victoria H | F9: 3 | G9: =IF('Prem Mix'!G29=0,"",'Prem Mix'!G29) -> Andrea M | H9: =IF('Prem Mix'!H29=0,"",'Prem Mix'!H29) -> Victoria H | J9: 3 | K9: =IF('Prem Mix'!G50=0,"",'Prem Mix'!G50) | L9: =IF('Prem Mix'!H50=0,"",'Prem Mix'!H50)
B10: 4 | C10: =IF('Prem Mix'!G9=0,"",'Prem Mix'!G9) -> Andrew B | D10: =IF('Prem Mix'!H9=0,"",'Prem Mix'!H9) -> Paul J | F10: 4 | G10: =IF('Prem Mix'!G30=0,"",'Prem Mix'!G30) -> Paul J | H10: =IF('Prem Mix'!H30=0,"",'Prem Mix'!H30) -> Andrew B | J10: 4 | K10: =IF('Prem Mix'!G51=0,"",'Prem Mix'!G51) | L10: =IF('Prem Mix'!H51=0,"",'Prem Mix'!H51)
B11: 5 | C11: =IF('Prem Mix'!G10=0,"",'Prem Mix'!G10) -> Alison M | D11: =IF('Prem Mix'!H10=0,"",'Prem Mix'!H10) -> Miu | F11: 5 | G11: =IF('Prem Mix'!G31=0,"",'Prem Mix'!G31) -> Alison M | H11: =IF('Prem Mix'!H31=0,"",'Prem Mix'!H31) -> Rohini | J11: 5 | K11: =IF('Prem Mix'!G52=0,"",'Prem Mix'!G52) | L11: =IF('Prem Mix'!H52=0,"",'Prem Mix'!H52)
B12: 6 | C12: =IF('Prem Mix'!G11=0,"",'Prem Mix'!G11) -> Leah H | D12: =IF('Prem Mix'!H11=0,"",'Prem Mix'!H11) -> Andrew H | F12: 6 | G12: =IF('Prem Mix'!G32=0,"",'Prem Mix'!G32) -> Andrew H | H12: =IF('Prem Mix'!H32=0,"",'Prem Mix'!H32) -> Kiran R | J12: 6 | K12: =IF('Prem Mix'!G53=0,"",'Prem Mix'!G53) | L12: =IF('Prem Mix'!H53=0,"",'Prem Mix'!H53)
B13: 7 | C13: =IF('Prem Mix'!G12=0,"",'Prem Mix'!G12) -> Jocelyn K | D13: =IF('Prem Mix'!H12=0,"",'Prem Mix'!H12) -> Jaid | F13: 7 | G13: =IF('Prem Mix'!G33=0,"",'Prem Mix'!G33) -> Miu | H13: =IF('Prem Mix'!H33=0,"",'Prem Mix'!H33) -> Jocelyn K | J13: 7 | K13: =IF('Prem Mix'!G54=0,"",'Prem Mix'!G54) | L13: =IF('Prem Mix'!H54=0,"",'Prem Mix'!H54)
B14: 8 | C14: =IF('Prem Mix'!G13=0,"",'Prem Mix'!G13) -> Marc | D14: =IF('Prem Mix'!H13=0,"",'Prem Mix'!H13) -> Detlef H | F14: 8 | G14: =IF('Prem Mix'!G34=0,"",'Prem Mix'!G34) -> Alice C | H14: =IF('Prem Mix'!H34=0,"",'Prem Mix'!H34) -> Jaid | J14: 8 | K14: =IF('Prem Mix'!G55=0,"",'Prem Mix'!G55) | L14: =IF('Prem Mix'!H55=0,"",'Prem Mix'!H55)
B15: 9 | C15: =IF('Prem Mix'!G14=0,"",'Prem Mix'!G14) -> Richard V | D15: =IF('Prem Mix'!H14=0,"",'Prem Mix'!H14) -> Alice C | F15: 9 | G15: =IF('Prem Mix'!G35=0,"",'Prem Mix'!G35) -> Michael H | H15: =IF('Prem Mix'!H35=0,"",'Prem Mix'!H35) -> Richard V | J15: 9 | K15: =IF('Prem Mix'!G56=0,"",'Prem Mix'!G56) | L15: =IF('Prem Mix'!H56=0,"",'Prem Mix'!H56)
B16: 10 | C16: =IF('Prem Mix'!G15=0,"",'Prem Mix'!G15) -> Simon F | D16: =IF('Prem Mix'!H15=0,"",'Prem Mix'!H15) -> Divina | F16: 10 | G16: =IF('Prem Mix'!G36=0,"",'Prem Mix'!G36) -> Janet A | H16: =IF('Prem Mix'!H36=0,"",'Prem Mix'!H36) -> Marc | J16: 10 | K16: =IF('Prem Mix'!G57=0,"",'Prem Mix'!G57) | L16: =IF('Prem Mix'!H57=0,"",'Prem Mix'!H57)
B17: Sweep | C17: =IF('Prem Mix'!G16=0,"",'Prem Mix'!G16) -> S-J | F17: Sweep | G17: =IF('Prem Mix'!G37=0,"",'Prem Mix'!G37) -> S-J | J17: Sweep | K17: =IF('Prem Mix'!G58=0,"",'Prem Mix'!G58)
B19: Reserves: | F19: Reserves: | J19: Reserves:
C20: =IF('Prem Mix'!G19=0,"",'Prem Mix'!G19) -> Rohini | G20: =IF('Prem Mix'!G40=0,"",'Prem Mix'!G40) -> Leah H | K20: =IF('Prem Mix'!G61=0,"",'Prem Mix'!G61)
C21: =IF('Prem Mix'!G20=0,"",'Prem Mix'!G20) -> Janet A | G21: =IF('Prem Mix'!G41=0,"",'Prem Mix'!G41) -> Divina | K21: =IF('Prem Mix'!G62=0,"",'Prem Mix'!G62)
C22: =IF('Prem Mix'!G21=0,"",'Prem Mix'!G21) -> Michael H | G22: =IF('Prem Mix'!G42=0,"",'Prem Mix'!G42) -> Detlef H | K22: =IF('Prem Mix'!G63=0,"",'Prem Mix'!G63)
C23: =IF('Prem Mix'!G22=0,"",'Prem Mix'!G22) -> Kiran R | G23: =IF('Prem Mix'!G43=0,"",'Prem Mix'!G43) -> Simon F | K23: =IF('Prem Mix'!G64=0,"",'Prem Mix'!G64)
B26: =Allocation!G2 -> Master Mix
B28: ='Master Mix'!F4 -> Heat 1 | F28: ='Master Mix'!F25 -> Heat 2 | J28: ='Master Mix'!F46 -> Final
B29: Drum | C29: =IF('Master Mix'!G5=0,"",'Master Mix'!G5) | F29: Drum | G29: =IF('Master Mix'!G26=0,"",'Master Mix'!G26) | J29: Drum | K29: =IF('Master Mix'!G47=0,"",'Master Mix'!G47)
B30: 1 | C30: =IF('Master Mix'!G6=0,"",'Master Mix'!G6) | D30: =IF('Master Mix'!H6=0,"",'Master Mix'!H6) | F30: 1 | G30: =IF('Master Mix'!G27=0,"",'Master Mix'!G27) | H30: =IF('Master Mix'!H27=0,"",'Master Mix'!H27) | J30: 1 | K30: =IF('Master Mix'!G48=0,"",'Master Mix'!G48) | L30: =IF('Master Mix'!H48=0,"",'Master Mix'!H48)
B31: 2 | C31: =IF('Master Mix'!G7=0,"",'Master Mix'!G7) | D31: =IF('Master Mix'!H7=0,"",'Master Mix'!H7) | F31: 2 | G31: =IF('Master Mix'!G28=0,"",'Master Mix'!G28) | H31: =IF('Master Mix'!H28=0,"",'Master Mix'!H28) | J31: 2 | K31: =IF('Master Mix'!G49=0,"",'Master Mix'!G49) | L31: =IF('Master Mix'!H49=0,"",'Master Mix'!H49)
B32: 3 | C32: =IF('Master Mix'!G8=0,"",'Master Mix'!G8) | D32: =IF('Master Mix'!H8=0,"",'Master Mix'!H8) | F32: 3 | G32: =IF('Master Mix'!G29=0,"",'Master Mix'!G29) | H32: =IF('Master Mix'!H29=0,"",'Master Mix'!H29) | J32: 3 | K32: =IF('Master Mix'!G50=0,"",'Master Mix'!G50) | L32: =IF('Master Mix'!H50=0,"",'Master Mix'!H50)
B33: 4 | C33: =IF('Master Mix'!G9=0,"",'Master Mix'!G9) | D33: =IF('Master Mix'!H9=0,"",'Master Mix'!H9) | F33: 4 | G33: =IF('Master Mix'!G30=0,"",'Master Mix'!G30) | H33: =IF('Master Mix'!H30=0,"",'Master Mix'!H30) | J33: 4 | K33: =IF('Master Mix'!G51=0,"",'Master Mix'!G51) | L33: =IF('Master Mix'!H51=0,"",'Master Mix'!H51)
B34: 5 | C34: =IF('Master Mix'!G10=0,"",'Master Mix'!G10) | D34: =IF('Master Mix'!H10=0,"",'Master Mix'!H10) | F34: 5 | G34: =IF('Master Mix'!G31=0,"",'Master Mix'!G31) | H34: =IF('Master Mix'!H31=0,"",'Master Mix'!H31) | J34: 5 | K34: =IF('Master Mix'!G52=0,"",'Master Mix'!G52) | L34: =IF('Master Mix'!H52=0,"",'Master Mix'!H52)
B35: 6 | C35: =IF('Master Mix'!G11=0,"",'Master Mix'!G11) | D35: =IF('Master Mix'!H11=0,"",'Master Mix'!H11) | F35: 6 | G35: =IF('Master Mix'!G32=0,"",'Master Mix'!G32) | H35: =IF('Master Mix'!H32=0,"",'Master Mix'!H32) | J35: 6 | K35: =IF('Master Mix'!G53=0,"",'Master Mix'!G53) | L35: =IF('Master Mix'!H53=0,"",'Master Mix'!H53)
B36: 7 | C36: =IF('Master Mix'!G12=0,"",'Master Mix'!G12) | D36: =IF('Master Mix'!H12=0,"",'Master Mix'!H12) | F36: 7 | G36: =IF('Master Mix'!G33=0,"",'Master Mix'!G33) | H36: =IF('Master Mix'!H33=0,"",'Master Mix'!H33) | J36: 7 | K36: =IF('Master Mix'!G54=0,"",'Master Mix'!G54) | L36: =IF('Master Mix'!H54=0,"",'Master Mix'!H54)
B37: 8 | C37: =IF('Master Mix'!G13=0,"",'Master Mix'!G13) | D37: =IF('Master Mix'!H13=0,"",'Master Mix'!H13) | F37: 8 | G37: =IF('Master Mix'!G34=0,"",'Master Mix'!G34) | H37: =IF('Master Mix'!H34=0,"",'Master Mix'!H34) | J37: 8 | K37: =IF('Master Mix'!G55=0,"",'Master Mix'!G55) | L37: =IF('Master Mix'!H55=0,"",'Master Mix'!H55)
B38: 9 | C38: =IF('Master Mix'!G14=0,"",'Master Mix'!G14) | D38: =IF('Master Mix'!H14=0,"",'Master Mix'!H14) | F38: 9 | G38: =IF('Master Mix'!G35=0,"",'Master Mix'!G35) | H38: =IF('Master Mix'!H35=0,"",'Master Mix'!H35) | J38: 9 | K38: =IF('Master Mix'!G56=0,"",'Master Mix'!G56) | L38: =IF('Master Mix'!H56=0,"",'Master Mix'!H56)
B39: 10 | C39: =IF('Master Mix'!G15=0,"",'Master Mix'!G15) | D39: =IF('Master Mix'!H15=0,"",'Master Mix'!H15) | F39: 10 | G39: =IF('Master Mix'!G36=0,"",'Master Mix'!G36) | H39: =IF('Master Mix'!H36=0,"",'Master Mix'!H36) | J39: 10 | K39: =IF('Master Mix'!G57=0,"",'Master Mix'!G57) | L39: =IF('Master Mix'!H57=0,"",'Master Mix'!H57)
B40: Sweep | C40: =IF('Master Mix'!G16=0,"",'Master Mix'!G16) | F40: Sweep | G40: =IF('Master Mix'!G37=0,"",'Master Mix'!G37) | J40: Sweep | K40: =IF('Master Mix'!G58=0,"",'Master Mix'!G58)
B42: Reserves: | F42: Reserves: | J42: Reserves:
C43: =IF('Master Mix'!G19=0,"",'Master Mix'!G19) | G43: =IF('Master Mix'!G40=0,"",'Master Mix'!G40) | K43: =IF('Master Mix'!G61=0,"",'Master Mix'!G61)
C44: =IF('Master Mix'!G20=0,"",'Master Mix'!G20) | G44: =IF('Master Mix'!G41=0,"",'Master Mix'!G41) | K44: =IF('Master Mix'!G62=0,"",'Master Mix'!G62)
C45: =IF('Master Mix'!G21=0,"",'Master Mix'!G21) | G45: =IF('Master Mix'!G42=0,"",'Master Mix'!G42) | K45: =IF('Master Mix'!G63=0,"",'Master Mix'!G63)
C46: =IF('Master Mix'!G22=0,"",'Master Mix'!G22) | G46: =IF('Master Mix'!G43=0,"",'Master Mix'!G43) | K46: =IF('Master Mix'!G64=0,"",'Master Mix'!G64)
B49: =Allocation!H2 -> Prem Open
B51: ='Prem Open'!F4 -> Heat 1 | F51: ='Prem Open'!F25 -> Heat 2 | J51: ='Prem Open'!F46 -> Final
B52: Drum | C52: =IF('Prem Open'!G5=0,"",'Prem Open'!G5) -> Sue T | F52: Drum | G52: =IF('Prem Open'!G26=0,"",'Prem Open'!G26) -> Sue T | J52: Drum | K52: =IF('Prem Open'!G47=0,"",'Prem Open'!G47)
B53: 1 | C53: =IF('Prem Open'!G6=0,"",'Prem Open'!G6) -> Diego E | D53: =IF('Prem Open'!H6=0,"",'Prem Open'!H6) -> Andrew B | F53: 1 | G53: =IF('Prem Open'!G27=0,"",'Prem Open'!G27) -> Andrew B | H53: =IF('Prem Open'!H27=0,"",'Prem Open'!H27) -> Diego E | J53: 1 | K53: =IF('Prem Open'!G48=0,"",'Prem Open'!G48) | L53: =IF('Prem Open'!H48=0,"",'Prem Open'!H48)
B54: 2 | C54: =IF('Prem Open'!G7=0,"",'Prem Open'!G7) -> Paul J | D54: =IF('Prem Open'!H7=0,"",'Prem Open'!H7) -> Andrea M | F54: 2 | G54: =IF('Prem Open'!G28=0,"",'Prem Open'!G28) -> Andrea M | H54: =IF('Prem Open'!H28=0,"",'Prem Open'!H28) -> Paul J | J54: 2 | K54: =IF('Prem Open'!G49=0,"",'Prem Open'!G49) | L54: =IF('Prem Open'!H49=0,"",'Prem Open'!H49)
B55: 3 | C55: =IF('Prem Open'!G8=0,"",'Prem Open'!G8) -> Amanda F | D55: =IF('Prem Open'!H8=0,"",'Prem Open'!H8) -> Andrew H | F55: 3 | G55: =IF('Prem Open'!G29=0,"",'Prem Open'!G29) -> Amanda F | H55: =IF('Prem Open'!H29=0,"",'Prem Open'!H29) -> Andrew H | J55: 3 | K55: =IF('Prem Open'!G50=0,"",'Prem Open'!G50) | L55: =IF('Prem Open'!H50=0,"",'Prem Open'!H50)
B56: 4 | C56: =IF('Prem Open'!G9=0,"",'Prem Open'!G9) -> Kiran R | D56: =IF('Prem Open'!H9=0,"",'Prem Open'!H9) -> Detlef H | F56: 4 | G56: =IF('Prem Open'!G30=0,"",'Prem Open'!G30) -> Detlef H | H56: =IF('Prem Open'!H30=0,"",'Prem Open'!H30) -> Kiran R | J56: 4 | K56: =IF('Prem Open'!G51=0,"",'Prem Open'!G51) | L56: =IF('Prem Open'!H51=0,"",'Prem Open'!H51)
B57: 5 | C57: =IF('Prem Open'!G10=0,"",'Prem Open'!G10) -> Anne-Marie | D57: =IF('Prem Open'!H10=0,"",'Prem Open'!H10) -> Mary-Alice | F57: 5 | G57: =IF('Prem Open'!G31=0,"",'Prem Open'!G31) -> Anne-Marie | H57: =IF('Prem Open'!H31=0,"",'Prem Open'!H31) -> Mary-Alice | J57: 5 | K57: =IF('Prem Open'!G52=0,"",'Prem Open'!G52) | L57: =IF('Prem Open'!H52=0,"",'Prem Open'!H52)
B58: 6 | C58: =IF('Prem Open'!G11=0,"",'Prem Open'!G11) -> Jaid | D58: =IF('Prem Open'!H11=0,"",'Prem Open'!H11) -> Rachael H | F58: 6 | G58: =IF('Prem Open'!G32=0,"",'Prem Open'!G32) -> Rachael H | H58: =IF('Prem Open'!H32=0,"",'Prem Open'!H32) -> Jaid | J58: 6 | K58: =IF('Prem Open'!G53=0,"",'Prem Open'!G53) | L58: =IF('Prem Open'!H53=0,"",'Prem Open'!H53)
B59: 7 | C59: =IF('Prem Open'!G12=0,"",'Prem Open'!G12) -> Alice S | D59: =IF('Prem Open'!H12=0,"",'Prem Open'!H12) -> Liz Mc | F59: 7 | G59: =IF('Prem Open'!G33=0,"",'Prem Open'!G33) -> Liz Mc | H59: =IF('Prem Open'!H33=0,"",'Prem Open'!H33) -> Alice S | J59: 7 | K59: =IF('Prem Open'!G54=0,"",'Prem Open'!G54) | L59: =IF('Prem Open'!H54=0,"",'Prem Open'!H54)
B60: 8 | C60: =IF('Prem Open'!G13=0,"",'Prem Open'!G13) -> Bibiana A | D60: =IF('Prem Open'!H13=0,"",'Prem Open'!H13) -> Marc | F60: 8 | G60: =IF('Prem Open'!G34=0,"",'Prem Open'!G34) -> Marc | H60: =IF('Prem Open'!H34=0,"",'Prem Open'!H34) -> Bibiana A | J60: 8 | K60: =IF('Prem Open'!G55=0,"",'Prem Open'!G55) | L60: =IF('Prem Open'!H55=0,"",'Prem Open'!H55)
B61: 9 | C61: =IF('Prem Open'!G14=0,"",'Prem Open'!G14) -> Michael H | D61: =IF('Prem Open'!H14=0,"",'Prem Open'!H14) -> Richard V | F61: 9 | G61: =IF('Prem Open'!G35=0,"",'Prem Open'!G35) -> Richard V | H61: =IF('Prem Open'!H35=0,"",'Prem Open'!H35) -> Michael H | J61: 9 | K61: =IF('Prem Open'!G56=0,"",'Prem Open'!G56) | L61: =IF('Prem Open'!H56=0,"",'Prem Open'!H56)
B62: 10 | C62: =IF('Prem Open'!G15=0,"",'Prem Open'!G15) -> Amy | D62: =IF('Prem Open'!H15=0,"",'Prem Open'!H15) -> Simon F | F62: 10 | G62: =IF('Prem Open'!G36=0,"",'Prem Open'!G36) -> Simon F | H62: =IF('Prem Open'!H36=0,"",'Prem Open'!H36) -> Amy | J62: 10 | K62: =IF('Prem Open'!G57=0,"",'Prem Open'!G57) | L62: =IF('Prem Open'!H57=0,"",'Prem Open'!H57)
B63: Sweep | C63: =IF('Prem Open'!G16=0,"",'Prem Open'!G16) -> Petr V | F63: Sweep | G63: =IF('Prem Open'!G37=0,"",'Prem Open'!G37) -> Petr V | J63: Sweep | K63: =IF('Prem Open'!G58=0,"",'Prem Open'!G58)
B65: Reserves: | F65: Reserves: | J65: Reserves:
C66: =IF('Prem Open'!G19=0,"",'Prem Open'!G19) -> Amanda D | G66: =IF('Prem Open'!G40=0,"",'Prem Open'!G40) -> Amanda D | K66: =IF('Prem Open'!G61=0,"",'Prem Open'!G61)
C67: =IF('Prem Open'!G20=0,"",'Prem Open'!G20) -> Jocelyn K | G67: =IF('Prem Open'!G41=0,"",'Prem Open'!G41) -> Jocelyn K | K67: =IF('Prem Open'!G62=0,"",'Prem Open'!G62)
C68: =IF('Prem Open'!G21=0,"",'Prem Open'!G21) -> S-J | G68: =IF('Prem Open'!G42=0,"",'Prem Open'!G42) -> S-J | K68: =IF('Prem Open'!G63=0,"",'Prem Open'!G63)
C69: =IF('Prem Open'!G22=0,"",'Prem Open'!G22) -> Deb H | G69: =IF('Prem Open'!G43=0,"",'Prem Open'!G43) -> Deb H | K69: =IF('Prem Open'!G64=0,"",'Prem Open'!G64)
B72: =Allocation!I2 -> Prem Women
B74: ='Prem Women'!F4 -> Heat 1 | F74: ='Prem Women'!F25 -> Heat 2 | J74: ='Prem Women'!F46 -> Final
B75: Drum | C75: =IF('Prem Women'!G5=0,"",'Prem Women'!G5) -> Alice S | F75: Drum | G75: =IF('Prem Women'!G26=0,"",'Prem Women'!G26) -> Alice S | J75: Drum | K75: =IF('Prem Women'!G47=0,"",'Prem Women'!G47)
B76: 1 | C76: =IF('Prem Women'!G6=0,"",'Prem Women'!G6) -> Amanda D | D76: =IF('Prem Women'!H6=0,"",'Prem Women'!H6) -> Deb H | F76: 1 | G76: =IF('Prem Women'!G27=0,"",'Prem Women'!G27) -> Deb H | H76: =IF('Prem Women'!H27=0,"",'Prem Women'!H27) -> Amanda D | J76: 1 | K76: =IF('Prem Women'!G48=0,"",'Prem Women'!G48) | L76: =IF('Prem Women'!H48=0,"",'Prem Women'!H48)
B77: 2 | C77: =IF('Prem Women'!G7=0,"",'Prem Women'!G7) -> Victoria H | D77: =IF('Prem Women'!H7=0,"",'Prem Women'!H7) -> Lianna C | F77: 2 | G77: =IF('Prem Women'!G28=0,"",'Prem Women'!G28) -> Victoria H | H77: =IF('Prem Women'!H28=0,"",'Prem Women'!H28) -> Lianna C | J77: 2 | K77: =IF('Prem Women'!G49=0,"",'Prem Women'!G49) | L77: =IF('Prem Women'!H49=0,"",'Prem Women'!H49)
B78: 3 | C78: =IF('Prem Women'!G8=0,"",'Prem Women'!G8) -> Miu | D78: =IF('Prem Women'!H8=0,"",'Prem Women'!H8) -> Alison M | F78: 3 | G78: =IF('Prem Women'!G29=0,"",'Prem Women'!G29) -> Alison M | H78: =IF('Prem Women'!H29=0,"",'Prem Women'!H29) -> Miu | J78: 3 | K78: =IF('Prem Women'!G50=0,"",'Prem Women'!G50) | L78: =IF('Prem Women'!H50=0,"",'Prem Women'!H50)
B79: 4 | C79: =IF('Prem Women'!G9=0,"",'Prem Women'!G9) -> Helen F | D79: =IF('Prem Women'!H9=0,"",'Prem Women'!H9) -> Sue T | F79: 4 | G79: =IF('Prem Women'!G30=0,"",'Prem Women'!G30) -> Sue T | H79: =IF('Prem Women'!H30=0,"",'Prem Women'!H30) -> Helen F | J79: 4 | K79: =IF('Prem Women'!G51=0,"",'Prem Women'!G51) | L79: =IF('Prem Women'!H51=0,"",'Prem Women'!H51)
B80: 5 | C80: =IF('Prem Women'!G10=0,"",'Prem Women'!G10) -> Jocelyn K | D80: =IF('Prem Women'!H10=0,"",'Prem Women'!H10) -> Rohini | F80: 5 | G80: =IF('Prem Women'!G31=0,"",'Prem Women'!G31) -> Rohini | H80: =IF('Prem Women'!H31=0,"",'Prem Women'!H31) -> Jocelyn K | J80: 5 | K80: =IF('Prem Women'!G52=0,"",'Prem Women'!G52) | L80: =IF('Prem Women'!H52=0,"",'Prem Women'!H52)
B81: 6 | C81: =IF('Prem Women'!G11=0,"",'Prem Women'!G11) -> Leah H | D81: =IF('Prem Women'!H11=0,"",'Prem Women'!H11) -> Anne-Marie | F81: 6 | G81: =IF('Prem Women'!G32=0,"",'Prem Women'!G32) -> Anne-Marie | H81: =IF('Prem Women'!H32=0,"",'Prem Women'!H32) -> Leah H | J81: 6 | K81: =IF('Prem Women'!G53=0,"",'Prem Women'!G53) | L81: =IF('Prem Women'!H53=0,"",'Prem Women'!H53)
B82: 7 | C82: =IF('Prem Women'!G12=0,"",'Prem Women'!G12) -> Janet A | D82: =IF('Prem Women'!H12=0,"",'Prem Women'!H12) -> Mary-Alice | F82: 7 | G82: =IF('Prem Women'!G33=0,"",'Prem Women'!G33) -> Janet A | H82: =IF('Prem Women'!H33=0,"",'Prem Women'!H33) -> Liz Mc | J82: 7 | K82: =IF('Prem Women'!G54=0,"",'Prem Women'!G54) | L82: =IF('Prem Women'!H54=0,"",'Prem Women'!H54)
B83: 8 | C83: =IF('Prem Women'!G13=0,"",'Prem Women'!G13) -> Amanda F | D83: =IF('Prem Women'!H13=0,"",'Prem Women'!H13) -> Bibiana A | F83: 8 | G83: =IF('Prem Women'!G34=0,"",'Prem Women'!G34) -> Bibiana A | H83: =IF('Prem Women'!H34=0,"",'Prem Women'!H34) -> Amanda F | J83: 8 | K83: =IF('Prem Women'!G55=0,"",'Prem Women'!G55) | L83: =IF('Prem Women'!H55=0,"",'Prem Women'!H55)
B84: 9 | C84: =IF('Prem Women'!G14=0,"",'Prem Women'!G14) -> Rachael H | D84: =IF('Prem Women'!H14=0,"",'Prem Women'!H14) -> Divina | F84: 9 | G84: =IF('Prem Women'!G35=0,"",'Prem Women'!G35) -> Divina | H84: =IF('Prem Women'!H35=0,"",'Prem Women'!H35) -> Rachael H | J84: 9 | K84: =IF('Prem Women'!G56=0,"",'Prem Women'!G56) | L84: =IF('Prem Women'!H56=0,"",'Prem Women'!H56)
B85: 10 | C85: =IF('Prem Women'!G15=0,"",'Prem Women'!G15) -> Amy | D85: =IF('Prem Women'!H15=0,"",'Prem Women'!H15) -> Alice C | F85: 10 | G85: =IF('Prem Women'!G36=0,"",'Prem Women'!G36) -> Alice C | H85: =IF('Prem Women'!H36=0,"",'Prem Women'!H36) -> Amy | J85: 10 | K85: =IF('Prem Women'!G57=0,"",'Prem Women'!G57) | L85: =IF('Prem Women'!H57=0,"",'Prem Women'!H57)
B86: Sweep | C86: =IF('Prem Women'!G16=0,"",'Prem Women'!G16) -> S-J | F86: Sweep | G86: =IF('Prem Women'!G37=0,"",'Prem Women'!G37) -> S-J | J86: Sweep | K86: =IF('Prem Women'!G58=0,"",'Prem Women'!G58)
B88: Reserves: | F88: Reserves: | J88: Reserves:
C89: =IF('Prem Women'!G19=0,"",'Prem Women'!G19) -> Liz Mc | G89: =IF('Prem Women'!G40=0,"",'Prem Women'!G40) -> Mary-Alice | K89: =IF('Prem Women'!G61=0,"",'Prem Women'!G61)
C90: =IF('Prem Women'!G20=0,"",'Prem Women'!G20) | G90: =IF('Prem Women'!G41=0,"",'Prem Women'!G41) | K90: =IF('Prem Women'!G62=0,"",'Prem Women'!G62)
C91: =IF('Prem Women'!G21=0,"",'Prem Women'!G21) | G91: =IF('Prem Women'!G42=0,"",'Prem Women'!G42) | K91: =IF('Prem Women'!G63=0,"",'Prem Women'!G63)
C92: =IF('Prem Women'!G22=0,"",'Prem Women'!G22) | G92: =IF('Prem Women'!G43=0,"",'Prem Women'!G43) | K92: =IF('Prem Women'!G64=0,"",'Prem Women'!G64)

Sheet For Paul
B1: =Allocation!F2 -> Prem Mix | E1: =Allocation!G2 -> Master Mix | H1: =Allocation!H2 -> Prem Open | K1: =Allocation!I2 -> Prem Women
A3: 1 | B3: =IF(OR(VLOOKUP($A3,Allocation!$A$2:$I$32,6)="",VLOOKUP($A3,Allocation!$A$2:$I$32,6)<=3)," ",VLOOKUP($A3,Allocation!$A$2:$I$32,6)) | C3: =IF(VLOOKUP($A3,Allocation!$A$2:$I$32,6)>0,VLOOKUP($A3,Allocation!$A$2:$I$32,2)," ") | E3: =IF(OR(VLOOKUP($A3,Allocation!$A$2:$I$32,7)="",VLOOKUP($A3,Allocation!$A$2:$I$32,7)<=3)," ",VLOOKUP($A3,Allocation!$A$2:$I$32,7)) | F3: =IF(VLOOKUP($A3,Allocation!$A$2:$I$32,7)>0,VLOOKUP($A3,Allocation!$A$2:$I$32,2)," ") | H3: =IF(OR(VLOOKUP($A3,Allocation!$A$2:$I$32,8)="",VLOOKUP($A3,Allocation!$A$2:$I$32,8)<=3)," ",VLOOKUP($A3,Allocation!$A$2:$I$32,8)) | I3: =IF(VLOOKUP($A3,Allocation!$A$2:$I$32,8)>0,VLOOKUP($A3,Allocation!$A$2:$I$32,2)," ") -> Campbell, Mary-Alice | K3: =IF(OR(VLOOKUP($A3,Allocation!$A$2:$I$32,9)="",VLOOKUP($A3,Allocation!$A$2:$I$32,9)<=3)," ",VLOOKUP($A3,Allocation!$A$2:$I$32,9)) | L3: =IF(VLOOKUP($A3,Allocation!$A$2:$I$32,9)>0,VLOOKUP($A3,Allocation!$A$2:$I$32,2)," ") -> Campbell, Mary-Alice
A4: 2 | B4: =IF(OR(VLOOKUP($A4,Allocation!$A$2:$I$32,6)="",VLOOKUP($A4,Allocation!$A$2:$I$32,6)<=3)," ",VLOOKUP($A4,Allocation!$A$2:$I$32,6)) | C4: =IF(VLOOKUP($A4,Allocation!$A$2:$I$32,6)>0,VLOOKUP($A4,Allocation!$A$2:$I$32,2)," ") -> Davies, Amanda | E4: =IF(OR(VLOOKUP($A4,Allocation!$A$2:$I$32,7)="",VLOOKUP($A4,Allocation!$A$2:$I$32,7)<=3)," ",VLOOKUP($A4,Allocation!$A$2:$I$32,7)) | F4: =IF(VLOOKUP($A4,Allocation!$A$2:$I$32,7)>0,VLOOKUP($A4,Allocation!$A$2:$I$32,2)," ") | H4: =IF(OR(VLOOKUP($A4,Allocation!$A$2:$I$32,8)="",VLOOKUP($A4,Allocation!$A$2:$I$32,8)<=3)," ",VLOOKUP($A4,Allocation!$A$2:$I$32,8)) | I4: =IF(VLOOKUP($A4,Allocation!$A$2:$I$32,8)>0,VLOOKUP($A4,Allocation!$A$2:$I$32,2)," ") | K4: =IF(OR(VLOOKUP($A4,Allocation!$A$2:$I$32,9)="",VLOOKUP($A4,Allocation!$A$2:$I$32,9)<=3)," ",VLOOKUP($A4,Allocation!$A$2:$I$32,9)) | L4: =IF(VLOOKUP($A4,Allocation!$A$2:$I$32,9)>0,VLOOKUP($A4,Allocation!$A$2:$I$32,2)," ") -> Davies, Amanda
A5: 3 | B5: =IF(OR(VLOOKUP($A5,Allocation!$A$2:$I$32,6)="",VLOOKUP($A5,Allocation!$A$2:$I$32,6)<=3)," ",VLOOKUP($A5,Allocation!$A$2:$I$32,6)) | C5: =IF(VLOOKUP($A5,Allocation!$A$2:$I$32,6)>0,VLOOKUP($A5,Allocation!$A$2:$I$32,2)," ") | E5: =IF(OR(VLOOKUP($A5,Allocation!$A$2:$I$32,7)="",VLOOKUP($A5,Allocation!$A$2:$I$32,7)<=3)," ",VLOOKUP($A5,Allocation!$A$2:$I$32,7)) | F5: =IF(VLOOKUP($A5,Allocation!$A$2:$I$32,7)>0,VLOOKUP($A5,Allocation!$A$2:$I$32,2)," ") | H5: =IF(OR(VLOOKUP($A5,Allocation!$A$2:$I$32,8)="",VLOOKUP($A5,Allocation!$A$2:$I$32,8)<=3)," ",VLOOKUP($A5,Allocation!$A$2:$I$32,8)) | I5: =IF(VLOOKUP($A5,Allocation!$A$2:$I$32,8)>0,VLOOKUP($A5,Allocation!$A$2:$I$32,2)," ") -> Finneran, Amanda | K5: =IF(OR(VLOOKUP($A5,Allocation!$A$2:$I$32,9)="",VLOOKUP($A5,Allocation!$A$2:$I$32,9)<=3)," ",VLOOKUP($A5,Allocation!$A$2:$I$32,9)) | L5: =IF(VLOOKUP($A5,Allocation!$A$2:$I$32,9)>0,VLOOKUP($A5,Allocation!$A$2:$I$32,2)," ") -> Finneran, Amanda
A6: 4 | B6: =IF(OR(VLOOKUP($A6,Allocation!$A$2:$I$32,6)="",VLOOKUP($A6,Allocation!$A$2:$I$32,6)<=3)," ",VLOOKUP($A6,Allocation!$A$2:$I$32,6)) -> Drum | C6: =IF(VLOOKUP($A6,Allocation!$A$2:$I$32,6)>0,VLOOKUP($A6,Allocation!$A$2:$I$32,2)," ") -> Ford, Helen | E6: =IF(OR(VLOOKUP($A6,Allocation!$A$2:$I$32,7)="",VLOOKUP($A6,Allocation!$A$2:$I$32,7)<=3)," ",VLOOKUP($A6,Allocation!$A$2:$I$32,7)) | F6: =IF(VLOOKUP($A6,Allocation!$A$2:$I$32,7)>0,VLOOKUP($A6,Allocation!$A$2:$I$32,2)," ") | H6: =IF(OR(VLOOKUP($A6,Allocation!$A$2:$I$32,8)="",VLOOKUP($A6,Allocation!$A$2:$I$32,8)<=3)," ",VLOOKUP($A6,Allocation!$A$2:$I$32,8)) | I6: =IF(VLOOKUP($A6,Allocation!$A$2:$I$32,8)>0,VLOOKUP($A6,Allocation!$A$2:$I$32,2)," ") | K6: =IF(OR(VLOOKUP($A6,Allocation!$A$2:$I$32,9)="",VLOOKUP($A6,Allocation!$A$2:$I$32,9)<=3)," ",VLOOKUP($A6,Allocation!$A$2:$I$32,9)) | L6: =IF(VLOOKUP($A6,Allocation!$A$2:$I$32,9)>0,VLOOKUP($A6,Allocation!$A$2:$I$32,2)," ") -> Ford, Helen
A7: 5 | B7: =IF(OR(VLOOKUP($A7,Allocation!$A$2:$I$32,6)="",VLOOKUP($A7,Allocation!$A$2:$I$32,6)<=3)," ",VLOOKUP($A7,Allocation!$A$2:$I$32,6)) | C7: =IF(VLOOKUP($A7,Allocation!$A$2:$I$32,6)>0,VLOOKUP($A7,Allocation!$A$2:$I$32,2)," ") -> Hallett, Victoria | E7: =IF(OR(VLOOKUP($A7,Allocation!$A$2:$I$32,7)="",VLOOKUP($A7,Allocation!$A$2:$I$32,7)<=3)," ",VLOOKUP($A7,Allocation!$A$2:$I$32,7)) | F7: =IF(VLOOKUP($A7,Allocation!$A$2:$I$32,7)>0,VLOOKUP($A7,Allocation!$A$2:$I$32,2)," ") | H7: =IF(OR(VLOOKUP($A7,Allocation!$A$2:$I$32,8)="",VLOOKUP($A7,Allocation!$A$2:$I$32,8)<=3)," ",VLOOKUP($A7,Allocation!$A$2:$I$32,8)) | I7: =IF(VLOOKUP($A7,Allocation!$A$2:$I$32,8)>0,VLOOKUP($A7,Allocation!$A$2:$I$32,2)," ") | K7: =IF(OR(VLOOKUP($A7,Allocation!$A$2:$I$32,9)="",VLOOKUP($A7,Allocation!$A$2:$I$32,9)<=3)," ",VLOOKUP($A7,Allocation!$A$2:$I$32,9)) | L7: =IF(VLOOKUP($A7,Allocation!$A$2:$I$32,9)>0,VLOOKUP($A7,Allocation!$A$2:$I$32,2)," ") -> Hallett, Victoria
A8: 6 | B8: =IF(OR(VLOOKUP($A8,Allocation!$A$2:$I$32,6)="",VLOOKUP($A8,Allocation!$A$2:$I$32,6)<=3)," ",VLOOKUP($A8,Allocation!$A$2:$I$32,6)) | C8: =IF(VLOOKUP($A8,Allocation!$A$2:$I$32,6)>0,VLOOKUP($A8,Allocation!$A$2:$I$32,2)," ") | E8: =IF(OR(VLOOKUP($A8,Allocation!$A$2:$I$32,7)="",VLOOKUP($A8,Allocation!$A$2:$I$32,7)<=3)," ",VLOOKUP($A8,Allocation!$A$2:$I$32,7)) | F8: =IF(VLOOKUP($A8,Allocation!$A$2:$I$32,7)>0,VLOOKUP($A8,Allocation!$A$2:$I$32,2)," ") | H8: =IF(OR(VLOOKUP($A8,Allocation!$A$2:$I$32,8)="",VLOOKUP($A8,Allocation!$A$2:$I$32,8)<=3)," ",VLOOKUP($A8,Allocation!$A$2:$I$32,8)) | I8: =IF(VLOOKUP($A8,Allocation!$A$2:$I$32,8)>0,VLOOKUP($A8,Allocation!$A$2:$I$32,2)," ") -> Agudelo, Bibiana | K8: =IF(OR(VLOOKUP($A8,Allocation!$A$2:$I$32,9)="",VLOOKUP($A8,Allocation!$A$2:$I$32,9)<=3)," ",VLOOKUP($A8,Allocation!$A$2:$I$32,9)) | L8: =IF(VLOOKUP($A8,Allocation!$A$2:$I$32,9)>0,VLOOKUP($A8,Allocation!$A$2:$I$32,2)," ") -> Agudelo, Bibiana
A9: 7 | B9: =IF(OR(VLOOKUP($A9,Allocation!$A$2:$I$32,6)="",VLOOKUP($A9,Allocation!$A$2:$I$32,6)<=3)," ",VLOOKUP($A9,Allocation!$A$2:$I$32,6)) | C9: =IF(VLOOKUP($A9,Allocation!$A$2:$I$32,6)>0,VLOOKUP($A9,Allocation!$A$2:$I$32,2)," ") -> Hirst, Deb | E9: =IF(OR(VLOOKUP($A9,Allocation!$A$2:$I$32,7)="",VLOOKUP($A9,Allocation!$A$2:$I$32,7)<=3)," ",VLOOKUP($A9,Allocation!$A$2:$I$32,7)) | F9: =IF(VLOOKUP($A9,Allocation!$A$2:$I$32,7)>0,VLOOKUP($A9,Allocation!$A$2:$I$32,2)," ") | H9: =IF(OR(VLOOKUP($A9,Allocation!$A$2:$I$32,8)="",VLOOKUP($A9,Allocation!$A$2:$I$32,8)<=3)," ",VLOOKUP($A9,Allocation!$A$2:$I$32,8)) | I9: =IF(VLOOKUP($A9,Allocation!$A$2:$I$32,8)>0,VLOOKUP($A9,Allocation!$A$2:$I$32,2)," ") | K9: =IF(OR(VLOOKUP($A9,Allocation!$A$2:$I$32,9)="",VLOOKUP($A9,Allocation!$A$2:$I$32,9)<=3)," ",VLOOKUP($A9,Allocation!$A$2:$I$32,9)) | L9: =IF(VLOOKUP($A9,Allocation!$A$2:$I$32,9)>0,VLOOKUP($A9,Allocation!$A$2:$I$32,2)," ") -> Hirst, Deb
A10: 8 | B10: =IF(OR(VLOOKUP($A10,Allocation!$A$2:$I$32,6)="",VLOOKUP($A10,Allocation!$A$2:$I$32,6)<=3)," ",VLOOKUP($A10,Allocation!$A$2:$I$32,6)) | C10: =IF(VLOOKUP($A10,Allocation!$A$2:$I$32,6)>0,VLOOKUP($A10,Allocation!$A$2:$I$32,2)," ") | E10: =IF(OR(VLOOKUP($A10,Allocation!$A$2:$I$32,7)="",VLOOKUP($A10,Allocation!$A$2:$I$32,7)<=3)," ",VLOOKUP($A10,Allocation!$A$2:$I$32,7)) | F10: =IF(VLOOKUP($A10,Allocation!$A$2:$I$32,7)>0,VLOOKUP($A10,Allocation!$A$2:$I$32,2)," ") | H10: =IF(OR(VLOOKUP($A10,Allocation!$A$2:$I$32,8)="",VLOOKUP($A10,Allocation!$A$2:$I$32,8)<=3)," ",VLOOKUP($A10,Allocation!$A$2:$I$32,8)) | I10: =IF(VLOOKUP($A10,Allocation!$A$2:$I$32,8)>0,VLOOKUP($A10,Allocation!$A$2:$I$32,2)," ") -> Hu, Yanhua | K10: =IF(OR(VLOOKUP($A10,Allocation!$A$2:$I$32,9)="",VLOOKUP($A10,Allocation!$A$2:$I$32,9)<=3)," ",VLOOKUP($A10,Allocation!$A$2:$I$32,9)) | L10: =IF(VLOOKUP($A10,Allocation!$A$2:$I$32,9)>0,VLOOKUP($A10,Allocation!$A$2:$I$32,2)," ") -> Hu, Yanhua
A11: 9 | B11: =IF(OR(VLOOKUP($A11,Allocation!$A$2:$I$32,6)="",VLOOKUP($A11,Allocation!$A$2:$I$32,6)<=3)," ",VLOOKUP($A11,Allocation!$A$2:$I$32,6)) | C11: =IF(VLOOKUP($A11,Allocation!$A$2:$I$32,6)>0,VLOOKUP($A11,Allocation!$A$2:$I$32,2)," ") -> Kemp, Jocelyn | E11: =IF(OR(VLOOKUP($A11,Allocation!$A$2:$I$32,7)="",VLOOKUP($A11,Allocation!$A$2:$I$32,7)<=3)," ",VLOOKUP($A11,Allocation!$A$2:$I$32,7)) | F11: =IF(VLOOKUP($A11,Allocation!$A$2:$I$32,7)>0,VLOOKUP($A11,Allocation!$A$2:$I$32,2)," ") | H11: =IF(OR(VLOOKUP($A11,Allocation!$A$2:$I$32,8)="",VLOOKUP($A11,Allocation!$A$2:$I$32,8)<=3)," ",VLOOKUP($A11,Allocation!$A$2:$I$32,8)) | I11: =IF(VLOOKUP($A11,Allocation!$A$2:$I$32,8)>0,VLOOKUP($A11,Allocation!$A$2:$I$32,2)," ") | K11: =IF(OR(VLOOKUP($A11,Allocation!$A$2:$I$32,9)="",VLOOKUP($A11,Allocation!$A$2:$I$32,9)<=3)," ",VLOOKUP($A11,Allocation!$A$2:$I$32,9)) | L11: =IF(VLOOKUP($A11,Allocation!$A$2:$I$32,9)>0,VLOOKUP($A11,Allocation!$A$2:$I$32,2)," ") -> Kemp, Jocelyn
A12: 10 | B12: =IF(OR(VLOOKUP($A12,Allocation!$A$2:$I$32,6)="",VLOOKUP($A12,Allocation!$A$2:$I$32,6)<=3)," ",VLOOKUP($A12,Allocation!$A$2:$I$32,6)) | C12: =IF(VLOOKUP($A12,Allocation!$A$2:$I$32,6)>0,VLOOKUP($A12,Allocation!$A$2:$I$32,2)," ") -> Murphy, Alison | E12: =IF(OR(VLOOKUP($A12,Allocation!$A$2:$I$32,7)="",VLOOKUP($A12,Allocation!$A$2:$I$32,7)<=3)," ",VLOOKUP($A12,Allocation!$A$2:$I$32,7)) | F12: =IF(VLOOKUP($A12,Allocation!$A$2:$I$32,7)>0,VLOOKUP($A12,Allocation!$A$2:$I$32,2)," ") | H12: =IF(OR(VLOOKUP($A12,Allocation!$A$2:$I$32,8)="",VLOOKUP($A12,Allocation!$A$2:$I$32,8)<=3)," ",VLOOKUP($A12,Allocation!$A$2:$I$32,8)) | I12: =IF(VLOOKUP($A12,Allocation!$A$2:$I$32,8)>0,VLOOKUP($A12,Allocation!$A$2:$I$32,2)," ") | K12: =IF(OR(VLOOKUP($A12,Allocation!$A$2:$I$32,9)="",VLOOKUP($A12,Allocation!$A$2:$I$32,9)<=3)," ",VLOOKUP($A12,Allocation!$A$2:$I$32,9)) | L12: =IF(VLOOKUP($A12,Allocation!$A$2:$I$32,9)>0,VLOOKUP($A12,Allocation!$A$2:$I$32,2)," ") -> Murphy, Alison
A13: 11 | B13: =IF(OR(VLOOKUP($A13,Allocation!$A$2:$I$32,6)="",VLOOKUP($A13,Allocation!$A$2:$I$32,6)<=3)," ",VLOOKUP($A13,Allocation!$A$2:$I$32,6)) | C13: =IF(VLOOKUP($A13,Allocation!$A$2:$I$32,6)>0,VLOOKUP($A13,Allocation!$A$2:$I$32,2)," ") -> Angus, Janet | E13: =IF(OR(VLOOKUP($A13,Allocation!$A$2:$I$32,7)="",VLOOKUP($A13,Allocation!$A$2:$I$32,7)<=3)," ",VLOOKUP($A13,Allocation!$A$2:$I$32,7)) | F13: =IF(VLOOKUP($A13,Allocation!$A$2:$I$32,7)>0,VLOOKUP($A13,Allocation!$A$2:$I$32,2)," ") | H13: =IF(OR(VLOOKUP($A13,Allocation!$A$2:$I$32,8)="",VLOOKUP($A13,Allocation!$A$2:$I$32,8)<=3)," ",VLOOKUP($A13,Allocation!$A$2:$I$32,8)) | I13: =IF(VLOOKUP($A13,Allocation!$A$2:$I$32,8)>0,VLOOKUP($A13,Allocation!$A$2:$I$32,2)," ") | K13: =IF(OR(VLOOKUP($A13,Allocation!$A$2:$I$32,9)="",VLOOKUP($A13,Allocation!$A$2:$I$32,9)<=3)," ",VLOOKUP($A13,Allocation!$A$2:$I$32,9)) | L13: =IF(VLOOKUP($A13,Allocation!$A$2:$I$32,9)>0,VLOOKUP($A13,Allocation!$A$2:$I$32,2)," ") -> Angus, Janet
A14: 12 | B14: =IF(OR(VLOOKUP($A14,Allocation!$A$2:$I$32,6)="",VLOOKUP($A14,Allocation!$A$2:$I$32,6)<=3)," ",VLOOKUP($A14,Allocation!$A$2:$I$32,6)) -> Sweep | C14: =IF(VLOOKUP($A14,Allocation!$A$2:$I$32,6)>0,VLOOKUP($A14,Allocation!$A$2:$I$32,2)," ") -> Rennie, Sarah-Jane | E14: =IF(OR(VLOOKUP($A14,Allocation!$A$2:$I$32,7)="",VLOOKUP($A14,Allocation!$A$2:$I$32,7)<=3)," ",VLOOKUP($A14,Allocation!$A$2:$I$32,7)) | F14: =IF(VLOOKUP($A14,Allocation!$A$2:$I$32,7)>0,VLOOKUP($A14,Allocation!$A$2:$I$32,2)," ") | H14: =IF(OR(VLOOKUP($A14,Allocation!$A$2:$I$32,8)="",VLOOKUP($A14,Allocation!$A$2:$I$32,8)<=3)," ",VLOOKUP($A14,Allocation!$A$2:$I$32,8)) | I14: =IF(VLOOKUP($A14,Allocation!$A$2:$I$32,8)>0,VLOOKUP($A14,Allocation!$A$2:$I$32,2)," ") | K14: =IF(OR(VLOOKUP($A14,Allocation!$A$2:$I$32,9)="",VLOOKUP($A14,Allocation!$A$2:$I$32,9)<=3)," ",VLOOKUP($A14,Allocation!$A$2:$I$32,9)) -> Sweep | L14: =IF(VLOOKUP($A14,Allocation!$A$2:$I$32,9)>0,VLOOKUP($A14,Allocation!$A$2:$I$32,2)," ") -> Rennie, Sarah-Jane
... A28: 26 | B28: =IF(OR(VLOOKUP($A28,Allocation!$A$2:$I$32,6)="",VLOOKUP($A28,Allocation!$A$2:$I$32,6)<=3)," ",VLOOKUP($A28,Allocation!$A$2:$I$32,6)) | C28: =IF(VLOOKUP($A28,Allocation!$A$2:$I$32,6)>0,VLOOKUP($A28,Allocation!$A$2:$I$32,2)," ") -> Escalona, Diego | E28: =IF(OR(VLOOKUP($A28,Allocation!$A$2:$I$32,7)="",VLOOKUP($A28,Allocation!$A$2:$I$32,7)<=3)," ",VLOOKUP($A28,Allocation!$A$2:$I$32,7)) | F28: =IF(VLOOKUP($A28,Allocation!$A$2:$I$32,7)>0,VLOOKUP($A28,Allocation!$A$2:$I$32,2)," ") | H28: =IF(OR(VLOOKUP($A28,Allocation!$A$2:$I$32,8)="",VLOOKUP($A28,Allocation!$A$2:$I$32,8)<=3)," ",VLOOKUP($A28,Allocation!$A$2:$I$32,8)) | I28: =IF(VLOOKUP($A28,Allocation!$A$2:$I$32,8)>0,VLOOKUP($A28,Allocation!$A$2:$I$32,2)," ") -> Escalona, Diego | K28: =IF(OR(VLOOKUP($A28,Allocation!$A$2:$I$32,9)="",VLOOKUP($A28,Allocation!$A$2:$I$32,9)<=3)," ",VLOOKUP($A28,Allocation!$A$2:$I$32,9)) | L28: =IF(VLOOKUP($A28,Allocation!$A$2:$I$32,9)>0,VLOOKUP($A28,Allocation!$A$2:$I$32,2)," ")
